MEMBER_ID,PRODUCT_ID,PREFERENCE
TEST1,CN2B7NPC855W,16.82835511
TEST1,CN2B7NPC855WM,11.94986627
TEST1,CN2B7NPC856W,16.17725752
TEST1,CN2B7TTO602W,5.36700481
TEST1,CN2B7WJM250W,2.536186052
TEST1,CN2B7WPC800W,6.565720548
TEST1,CN2B7WPC800WP,6.646453975
TEST1,CN2B7WSC707W,14.81327954
TEST1,CS2B1WDR018WHM,3.171624213
TEST1,CS2B1WSC012WNL,5.139533202
TEST1,CS2B3WCT001WEF,1.106660982
TEST1,HS2B3TTS002M73,1.357384844
TEST1,HS2B3WCT012MPA,4.42730512
TEST1,HS2B3WJC009MMO,1.994374771
TEST1,HS2B3WJC010MMO,1.148432355
TEST1,HS2B3WJC026MPA,1.205646185
TEST1,HS2B3WSH011M6G,8.347366075
TEST1,IL2B0QOT771WS,5.728574933
TEST1,IL2B0QOT774W,6.255368275
TEST1,IL2B0QOT775W,2.190559169
TEST1,IL2B0QOT776WS,2.437178366
TEST1,IL2B0WCT301W,3.033446799
TEST1,IL2B0WOT202W,2.948101949
TEST1,IL2B0WOT203W,1.371328223
TEST1,IL2B1WCT311WP,2.469014424
TEST1,IL2B1WCT313WM,1.600531589
TEST1,IL2B3WJC269WP,1.26150821
TEST1,IL2B3WPC533WM2,4.822792132
TEST1,IL2B4WJC276WP,1.195164848
TEST1,IL2B4WPC556WP,4.108925813
TEST1,CM2B1KCD033M,2.197263821
TEST1,CM2B1KOT032M,3.37320887
TEST1,CM2B1WOT243WP1,4.403180702
TEST1,CM2B3KCD034M,3.626718535
TEST1,CM2B3NPC578WM1,6.176651129
TEST1,CM2B3NPC578WM2,17.78359745
TEST1,CM2B3WSC556WM2,6.249415631
TEST1,CM2B3WSC558WP1,16.16547866
TEST1,CM2B4KCD237WP1,1.954415535
TEST1,CM2B4KSC142W,18.85878634
TEST1,CM2B4WOT281WP2,1.736051097
TEST1,CM2B4WSC570W,5.837425813
TEST1,CM2B5KOP315W,7.636030064
TEST1,CM2B5KOP318W,10.09813894
TEST1,CM2B5WPC608W,17.99007261
TEST1,CM2B5WPC608WP1,16.2284046
TEST1,CM2B7KOT252W,3.141200578
TEST1,CM2B7KPC551W,12.77810725
TEST1,CM2B7KPC908W,13.22045648
TEST1,CM2B7KSC906W,2.744140898
TEST1,CM2B7NOT219W,1.404688152
TEST1,CM2B7NPC515W,16.3519823
TEST1,CM2B7NPC515WM1,12.07213399
TEST1,MU2A9NPC020MFE,3.608771158
TEST1,MU2B1NCT002W1N,4.143577992
TEST1,MU2B1NJC005W1N,1.686032182
TEST1,MU2B1NSC004W1N,3.094212626
TEST1,IL2B4WSH831WM,4.836433917
TEST1,IL2B4WSH831WP,7.07278465
TEST1,IL2B7WJC403W,1.63512434
TEST1,IL2B7WOT432W,2.815924098
TEST1,IL2B7WPC203W,7.922767455
TEST1,IL2B7WPC204W,7.620474818
TEST1,IL2B7WPC204WM,5.874052351
TEST1,IL2B7WSC154W,11.97743202
TEST1,IL2B7WSH542W,6.147414488
TEST1,IL2B7WSH544W,9.749739296
TEST1,LC2B0NOT304W,4.670317451
TEST1,LC2B0QJCC03W,6.967087193
TEST1,LC2B0QOT802W,5.049724046
TEST1,LC2B0QOTC09W,4.690547803
TEST1,LC2B0QOTC09WM1,6.566959417
TEST1,LC2B0WCT402W,1.865338319
TEST1,LC2B0WOT707W,2.735405722
TEST1,LC2B1WCT422W,3.43634555
TEST1,LC2B1WPC438WM4,12.50661526
TEST1,LC2B3WOT750W,3.718030656
TEST1,LC2B4NSC365W,14.87569695
TEST1,LC2B4WOP164WM1,6.767411252
TEST1,LC2B4WOP169WM2,8.802717576
TEST1,LC2B4WPC463W,14.94956652
TEST1,LC2B4WPC470W,2.135988444
TEST1,LC2B4WTO969WM1,5.720055118
TEST1,LC2B5WSC585W,6.889856092
TEST1,LC2B5WSC587WM1,7.240190071
TEST1,LC2B5WSS581W,3.886430157
TEST1,LC2B7KCD108W,1.091977708
TEST1,LC2B7WBL105W,8.214625032
TEST1,LC2B7WJC401W,1.906588036
TEST1,LC2B7WOP206W,11.51770958
TEST1,LC2B7WOP208W,9.400907763
TEST1,LC2B7WOP209W,7.738977895
TEST1,LC2B7WOP210W,10.83669779
TEST1,LC2B7WOT801W,1.907887549
TEST1,LC2B7WOT803W,1.824099055
TEST1,LC2B7WOT803WM1,2.813043704
TEST1,LC2B7WOT805W,2.939119243
TEST1,LC2B7WPC502W,10.21802358
TEST1,LC2B7WPC503W,2.520519127
TEST1,LC2B7WPC506W,3.380058052
TEST1,LC2B7WSC609W,6.493377195
TEST1,LC2B7WTO209W,6.351124305
TEST1,LV2B1KCD002W,1.102607532
TEST1,LV2B3WDR005W,9.630367871
TEST1,LV2B3WTO007W,7.644903868
TEST1,MM2B0WCT094M,3.287909973
TEST1,MW2B1WCG001E3A,3.453530895
TEST1,MW2B3KSC015E6A,5.225382964
TEST1,MW2B3WDR012E4A,7.72812079
TEST1,MW2B3WDR014E4A,5.512678329
TEST1,MW2B3WDR018E5A,10.02905309
TEST1,MW2B3WSC010E4A,16.11116844
TEST1,MW2B3WSC705W,5.241865029
TEST1,MW2B3WSH020E5A,7.580647378
TEST1,MW2B4WSC711W,20.57469737
TEST1,MW2B7KCD001EEE,1.131127166
TEST1,MW2B7KCD304W,2.443501271
TEST1,MW2B7NPC004E,6.446682517
TEST1,MW2B7NPC005E,15.70623276
TEST1,MW2B7NPC006E,4.715338554
TEST1,MW2B7TTO500W,2.767310899
TEST1,MW2B7WDR001E,5.847493688
TEST1,MW2B7WDR002E,4.003191592
TEST1,MW2B7WDR003E,6.707747882
TEST1,MW2B7WSC700W,16.70830669
TEST1,MW2B7WSH006E,8.364071648
TEST1,O22B0WCT601W,1.060552504
TEST1,O22B1WPC815W,11.47147358
TEST1,O22B4WPC832W,13.15978869
TEST1,O22B4WSC933W,14.84351937
TEST1,O22B5WOPW23W,6.151363531
TEST1,O22B5WPCW19W,14.66494346
TEST1,O22B5WSCW10W,8.921755893
TEST1,O22B5WSCW11W,10.39668749
TEST1,OB2B0QOT805W,1.131646778
TEST1,OB2B0ROT022W,4.029207275
TEST1,OB2B0WOT030W,3.850423723
TEST1,OB2B1WOT025W,4.018083255
TEST1,OB2B3WPC323WM3,14.7874525
TEST1,OB2B3WPS319WM1,13.44484168
TEST1,OB2B3WSC420W,4.743596853
TEST1,OB2B3WSC436W,8.294562901
TEST1,OB2B3WSC441W,15.4545754
TEST1,OB2B4WOP537W,9.397821865
TEST1,OB2B4WSC431W,14.80611274
TEST1,OB2B5WOP553W,10.19833478
TEST1,OB2B5WOP565W,8.523492396
TEST1,OB2B5WPC339WM1,6.418244854
TEST1,OB2B5WPC359W,5.292716312
TEST1,OB2B5WPC361W,11.18979865
TEST1,OB2B5WPC361WM1,6.903106078
TEST1,OB2B5WPC363W,7.293215508
TEST1,OB2B5WSC438W,6.436573976
TEST1,OB2B5WSC454W,13.25418195
TEST1,OB2B7KCD760W,1.059561811
TEST1,OB2B7LOT804W,1.810271058
TEST1,OB2B7NPC630W,12.92140662
TEST1,OB2B7WBL191W,7.548070712
TEST1,OB2B7WJC078W,1.758709831
TEST1,MM2B1KCD003M,1.398167222
TEST1,MM2B1KCD032H3A,3.868340485
TEST1,MM2B1WCT021H2A,3.678339481
TEST1,MM2B1WCT022H2A,4.179464416
TEST1,MM2B1WCT090MM,3.61232335
TEST1,MM2B1WCT091M,4.033327053
TEST1,MM2B1WCT093M,2.490973976
TEST1,MM2B1WCT096M,3.380149995
TEST1,MM2B1WCT097N,2.95733111
TEST1,MM2B1WOT035H3A,2.368417179
TEST1,MM2B1WPC504MP,15.41561701
TEST1,MM2B1WPC505MM,18.21002176
TEST1,MM2B1WPC506MM,13.79083696
TEST1,MM2B1WSH703MM,5.108557612
TEST1,MM2B3KCD005M,3.965985526
TEST1,MM2B3KCD020H5A,1.447318909
TEST1,MM2B3NPC026H5E,5.231220694
TEST1,MM2B3WOT038H5A,1.773779779
TEST1,MM2B3WOT304MM,2.240821031
TEST1,MM2B3WOT304MM1,1.238590854
TEST1,MM2B3WOT306M,1.290485256
TEST1,MM2B3WOT306MM,2.286065134
TEST1,MM2B3WOT306MP,2.457046632
TEST1,MM2B3WPC011H6H,22.14985707
TEST1,MM2B3WPC017H6E,14.18256683
TEST1,MM2B3WPC038H5A,12.79993607
TEST1,MM2B3WPC508MM,5.259052449
TEST1,MM2B3WPQ024H5A,16.42603597
TEST1,MM2B3WPQ036H5A,14.84474571
TEST1,MM2B3WPQ045H5E,6.046517588
TEST1,MM2B3WPQ060H5H,8.899949191
TEST1,MM2B3WPQ061H5H,3.751139286
TEST1,MM2B3WPQ061H6H,8.400457461
TEST1,MM2B3WPQ062H5H,1.936377053
TEST1,MM2B3WPQ064H6H,8.217262301
TEST1,MM2B4WJC200M,1.074671438
TEST1,MM2B7KCD001M,3.201457309
TEST1,MM2B7NPC023H8A,11.42988103
TEST1,MM2B7TTO035H7E,2.782355766
TEST1,MM2B7TTO600M,3.1455301
TEST1,MM2B7TTO600MM,7.452579934
TEST1,MM2B7TTO600MM1,7.064423712
TEST1,MM2B7WPC500M,18.7378736
TEST1,MM2B7WPC500MM,7.452520804
TEST1,MM2B7WPC502M,15.96857607
TEST1,MM2B7WSH701M,3.984368697
TEST1,MN2B0WCT201W,2.529061319
TEST1,MN2B0WOT503W,4.814799665
TEST1,MN2B3KSC043W,13.40418206
TEST1,MU2B3WSH150W6O,6.034510288
TEST1,MW2B0RCT200W,3.13051338
TEST1,MW2B0RCT201W,5.519135058
TEST1,MW2B0RCT201WM,4.975232857
TEST1,CM2B7WOP402W,7.394362064
TEST1,CM2B7WOP404W,10.48576294
TEST1,CM2B7WOT220W,1.721516117
TEST1,CM2B7WOT232W,1.36679401
TEST1,CM2B7WOT232WP1,1.977937499
TEST1,CM2B7WOT236W,2.523321343
TEST1,CM2B7WPC507W,4.110181017
TEST1,CM2B7WPC518W,12.20442977
TEST1,CM2B7WPC550W,9.128251212
TEST1,CM2B7WSC534W,2.17573173
TEST1,CM2B7WSC536W,21.24210796
TEST1,CM2B7WTO303W,6.0319619
TEST1,CM2B7WTO308W,2.480009319
TEST1,CM2B7WTO308WM1,4.360651448
TEST1,CM2B8KOP922W,4.14715287
TEST1,CM2B8KOT921W,1.139269882
TEST1,CN2B0RCT150W,3.882796966
TEST1,CN2B0ROT201W,2.185769646
TEST1,CN2B0ROT209W,5.121375597
TEST1,CN2B0WOT202W,4.990362304
TEST1,CN2B0WOT202WM,4.068021967
TEST1,CN2B0WOT206W,2.451363242
TEST1,CN2B0WOT209W,2.742958873
TEST1,CN2B1WSC708N,9.55665798
TEST1,CN2B3KSC056W,3.90887899
TEST1,CN2B4WDR412W,2.626202109
TEST1,CN2B5WSC728W,5.302783238
TEST1,CN2B5WSC730W,13.66321951
TEST1,MN2B3NSC943WM1,15.43695223
TEST1,MN2B3NSC943WM3,3.352858077
TEST1,MN2B3NSC943WP,3.7360637
TEST1,MN2B3WPC045WP,1.571222613
TEST1,MN2B3WSC947W,1.654190463
TEST1,MN2B4WOP670WM1,8.500144079
TEST1,MN2B4WPC065WP,5.090216502
TEST1,MN2B4WSC964WM,21.83481679
TEST1,MN2B4WSH864WM,3.333967237
TEST1,MN2B5KSC081W,8.344842529
TEST1,MN2B5TTO281W,5.784444557
TEST1,MN2B5WPC081WM1,12.95457563
TEST1,MN2B5WPC084W,1.68997783
TEST1,MN2B7KCD902W,3.185815835
TEST1,MN2B7KPC204W,12.2260759
TEST1,MN2B7KSC203W,12.70313921
TEST1,MN2B7KVT702W,3.340428336
TEST1,MN2B7WJC602W,1.227443046
TEST1,MN2B7WJC602WM,1.399721658
TEST1,MN2B7WOP801W,10.82569298
TEST1,MN2B7WPC302W,11.91019715
TEST1,MN2B7WPC303W,14.36865192
TEST1,MN2B7WTO506W,1.402911561
TEST1,MN2B7WTO509N,4.473024184
TEST1,MN2B7WTO510W,6.426903938
TEST1,MU2A7WCT082WJ9,5.100018893
TEST1,SY2B7WSC501W,13.24766025
TEST1,SY2B7WSC502W,2.85057811
TEST1,SY2B7WSC503W,19.30609547
TEST1,SY2B7WSS551W,21.96125622
TEST1,SY2B7WTO576W,5.163117605
TEST1,SY2B7WTO577W,4.280765289
TEST1,SY2B7WTO583W,7.688119334
TEST1,SY2B7WTO584W,7.952860597
TEST1,TM2B7KCD204WM1,3.235589852
TEST1,TM2B7KOP601W,12.25823241
TEST1,TM2B7KOP601WM1,6.87912229
TEST1,TM2B7KSC801W,6.134881594
TEST1,TM2B7KVT209W,3.331607522
TEST1,TM2B7NOT302W,1.570056147
TEST1,TM2B7NPC307W,16.59644753
TEST1,TM2B7NSC304W,3.770294539
TEST1,TM2B7WJC205W,1.944194719
TEST1,TM2B7WJCS01W,1.385513338
TEST1,TM2B7WOP202W,13.18044022
TEST1,TM2B7WOPS01W,11.91022464
TEST1,TM2B7WOT701W,1.816632452
TEST1,TM2B7WOT702W,1.9930695
TEST1,TM2B7WOT703W,2.983197619
TEST1,TM2B7WPCS02W,9.934637427
TEST1,TM2B7WSC506W,3.788916822
TEST1,TM2B8KCD222W,2.15369168
TEST1,TM2B8KCD222WM1,1.258502146
TEST1,TM2B8WJCS22W,1.66541267
TEST1,TM2B8WOT722W,2.249950715
TEST1,TN2B0WCT150W,3.822759539
TEST1,TN2B0WCT151W,1.569059256
TEST1,TN2B0WCT153W,4.851843714
TEST1,TN2B4KSCT02W,1.089501654
TEST1,TN2B4NOP425W,7.700503761
TEST1,TN2B4TDR429W,8.677734569
TEST1,TN2B4TSC733W,18.6645816
TEST1,TN2B4TSC733WP,8.514201815
TEST1,TN2B4WDR418W,9.058278921
TEST1,TN2B4WSC715W,2.25271155
TEST1,TH2B5KCD031M,2.961110605
TEST1,TH2B5NPC680M,9.177397021
TEST1,TH2B5NPC681M,12.31964847
TEST1,TH2B5NPC682N,14.6461017
TEST1,TH2B5NPC685M,5.061250032
TEST1,TH2B5TRN643N,4.829327826
TEST1,TH2B5TRN652N,7.343807617
TEST1,TH2B5TRN654MM1,2.803390559
TEST1,TH2B5TRN657M,4.325832621
TEST1,TH2B5TRN658N,3.425467949
TEST1,TH2B5TRN659N,2.789559129
TEST1,TH2B5TTN637MM1,5.582600626
TEST1,TH2B5TVN645MP1,6.589545308
TEST1,TH2B5WJC209M,1.493907841
TEST1,TH2B5WJC209MP1,1.599244142
TEST1,TH2B5WJM321M,2.312659191
TEST1,TH2B5WJM321MM1,2.756090987
TEST1,TH2B5WPC529M,11.49394359
TEST1,TH2B5WPC529MM1,14.91234978
TEST1,TH2B5WPC529MM2,6.994373847
TEST1,TH2B5WPC583M,15.78665772
TEST1,TH2B5WPC583MM1,13.96387131
TEST1,TH2B5WPC584M,6.950302293
TEST1,TH2B5WPC584MM1,10.67683664
TEST1,TH2B5WPC584MP2,11.03336198
TEST1,TH2B5WPC586M,5.768025442
TEST1,TH2B5WPC586MP1,13.49984127
TEST1,TH2B5WPC588M,1.002614918
TEST1,TH2B5WPC589M,2.08789021
TEST1,TH2B5WPC590M,9.356698272
TEST1,TH2B5WPC594M,4.240257353
TEST1,TH2B5WPC594MM1,19.75423652
TEST1,TH2B5WPC595N,3.27487586
TEST1,TH2B5WPC597N,6.472351341
TEST1,TH2B5WPC598N,3.760021208
TEST1,TH2B5WSH720N,2.333772036
TEST1,TH2B5WSH722MM1,7.918076498
TEST1,TH2B5WSH725M,4.453266354
TEST1,TH2B5WSH727M,2.057652945
TEST1,TH2B5WSH728M,1.082127628
TEST1,TH2B7NPC684M,9.891559219
TEST1,TH2B7NPC684MP1,2.849982985
TEST1,TH2B7TTN604MM1,1.484282488
TEST1,TH2B7TVT601M,1.735480272
TEST1,TH2B7WJC201M,1.469772302
TEST1,TH2B7WJM301M,2.663174804
TEST1,TH2B7WPC570M,15.72664233
TEST1,TH2B7WPC571M,5.496114515
TEST1,TH2B7WPC573M,15.33758968
TEST1,TH2B7WPC592M,3.35570201
TEST1,TH2B7WSH700M,6.237729609
TEST1,TH2B7WSH703M,3.150076063
TEST1,TH2B7WSH704M,7.66699422
TEST1,TH2B7WSH721M,6.279721019
TEST1,TH2B7WSH724M,2.242313566
TEST1,TH2B7WSH724MM1,9.912648333
TEST1,TH2B8KCD009M,1.399446502
TEST1,TH2B8WPC574M,15.01135793
TEST1,TH2B8WSH707M,4.971310872
TEST1,TM2B0WCT401W,2.11080491
TEST1,TM2B1WCT422WP1,4.10006626
TEST1,TM2B1WCT422WP5,4.950066163
TEST1,TM2B1WOT323WP2,2.249252002
TEST1,TM2B1WPC825WP5,6.913836054
TEST1,TM2B3WCT441WP1,1.431833805
TEST1,TM2B3WCT441WP2,3.472258703
TEST1,TM2B3WCT441WP3,2.280402776
TEST1,TM2B3WCT441WP4,3.387275267
TEST1,TM2B3WCT442W,4.891404849
TEST1,TM2B3WCT442WP1,1.146917235
TEST1,TM2B3WPCS42W,4.948555498
TEST1,TM2B3WPCS42WP4,4.388052254
TEST1,TM2B3WPCS42WP5,9.824397015
TEST1,TM2B3WSC645WP1,16.30525484
TEST1,TM2B4KSC464W,5.135526503
TEST1,TM2B4WSH562WP2,6.434936766
TEST1,TM2B4WSH562WP6,3.059290573
TEST1,TM2B5KOT183WM1,2.419808444
TEST1,TM2B5KSCB84W,11.33845133
TEST1,TM2B5KSCB84WM1,17.93111469
TEST1,TM2B5KSCB84WM2,14.29046906
TEST1,TM2B5KSCB84WP1,8.685981655
TEST1,TM2B5WOP981WP4,6.041776069
TEST1,TM2B5WOP982W,9.593872515
TEST1,TM2B5WOP982WP1,3.003251314
TEST1,TM2B5WOP982WP2,10.60874281
TEST1,TM2B5WOP987W,5.835153314
TEST1,TM2B5WOP991WP2,3.002494405
TEST1,TM2B5WOPS92WM3,9.644971029
TEST1,TM2B5WPC884W,6.265414351
TEST1,TM2B7KCD201W,1.155698233
TEST1,YS2B3NSC001WAC,2.45058213
TEST1,YS2B3NSC004WBS,4.032628148
TEST1,YS2B3NSC005W24,18.88550965
TEST1,YS2B3NSC006W24,5.005208599
TEST1,YS2B3TDR005W23,5.51495412
TEST1,YS2B3WDR011WSS,1.413091469
TEST1,YS2B3WDR018WDN,10.35328773
TEST1,YS2B3WPC012WAB,12.98435478
TEST1,YS2B3WSC011WRS,13.15081493
TEST1,YS2B7KCD006WTB,1.250648591
TEST1,YS2B7NJC006WTB,1.170654246
TEST1,YS2B7NJC007WBS,1.097549461
TEST1,YS2B7NPC401WFE,5.281047413
TEST1,YS2B7NPC509WFE,4.613271609
TEST1,YS2B7NPC702WFE,4.109058346
TEST1,YS2B7TPC011NPA,8.461794637
TEST1,YS2B7TTO058NPA,1.138187961
TEST1,YS2B7TTO059NPA,7.848360834
TEST1,YS2B7WJM005WTB,1.64628145
TEST1,YS2B9NPC035W4D,15.14439052
TEST1,YS2B9NPC647W4D,14.23054702
TEST1,YS2B9NPC648W4D,16.7364594
TEST1,YS2B9NPC649W4D,16.8525833
TEST1,YS2B9NPC651W4D,8.003249303
TEST1,YS2B9NPC710W4D,10.60889538
TEST1,SJ2B7KTO703W_BK,7.124102754
TEST1,SY2B7KTO854W_GK,3.582351471
TEST1,SJ2B7KTO702W_BK,7.085107291
TEST1,LC2B4KTO963WP1_RT,6.39181046
TEST1,LV2B3KTO001W_PK,2.580426181
TEST1,OB2B7WOP572W,3.125297699
TEST1,OB2B7WOT063W,2.455750703
TEST1,OB2B7WOT070W,2.357656417
TEST1,OB2B7WOT074W,2.739304575
TEST1,OB2B7WOT083W,2.411870383
TEST1,OB2B7WOT089W,1.267409166
TEST1,O22B5WSH391W,5.01840904
TEST1,O22B5WVT781WM1,2.153421795
TEST1,O22B7NPC655W,6.8759535
TEST1,O22B7NSH653W,7.876139599
TEST1,O22B7TTO551W,7.113934429
TEST1,O22B7TTO552W,1.825547595
TEST1,O22B7TTO554W,6.302326896
TEST1,O22B7TTO555W,5.982771658
TEST1,O22B7WBL001W,4.693593592
TEST1,O22B7WOP134W,13.76456659
TEST1,O22B7WPC301W,8.239359079
TEST1,O22B7WPC303W,4.400200093
TEST1,O22B7WSC402W,14.52958722
TEST1,O22B7WSC404W,12.83657772
TEST1,O22B7WTO101W,6.221904823
TEST1,O22B7WVT481W,3.933817616
TEST1,MU2B1WJC121WS8,3.798276148
TEST1,MU2B3LTO001W6O,5.615682881
TEST1,MU2B3NPC058W6O,8.733692665
TEST1,MU2B3NPC059W6O,3.871082451
TEST1,MU2B3TTO073MEC,1.556679955
TEST1,MU2B3TTO076MCL,1.259276046
TEST1,MU2B3TTO077MCL,5.649198907
TEST1,MU2B3TTO286W6O,4.614437101
TEST1,MU2B3TTO287W6O,5.788182772
TEST1,MU2B3TTO288W6O,7.871473493
TEST1,MU2B3TTO290W6O,7.155229698
TEST1,MU2B3WCT024W6O,1.068178217
TEST1,MU2B3WDR052W6O,1.61425593
TEST1,MU2B3WJC031MCL,1.621340829
TEST1,MU2B3WJC064W6O,1.153298675
TEST1,MU2B3WPC048MCL,5.472701263
TEST1,MU2B3WPC049MCL,11.86652816
TEST1,MU2B3WPC152W6O,11.08623341
TEST1,MU2B3WSC037W6O,20.70178541
TEST1,MU2B3WSC038W6O,16.89388057
TEST1,MU2B3WSH038MCL,7.049811615
TEST1,MU2B3WSH039MCL,2.410786176
TEST1,MU2B3WSH149W6O,9.847553196
TEST1,SJ2B5WPC996W,8.268345829
TEST1,SJ2B5WSC252WM1,14.73680809
TEST1,SJ2B7TTO631W,7.097566415
TEST1,SJ2B7WJC201W,1.934981356
TEST1,SJ2B7WPS361W,9.391004782
TEST1,SJ2B7WSC905W,20.67627913
TEST1,SJ2B7WSH501W,8.239826327
TEST1,SJ2B7WSH502W,9.382084947
TEST1,SJ2B7WTO451W,4.152197834
TEST1,SY2B0WOT533WM1,1.835190146
TEST1,SY2B0WOT534W,5.576210289
TEST1,SY2B0WOT534WM,4.179018716
TEST1,SY2B0WOT534WM1,4.164304165
TEST1,SY2B0WOT534WM2,3.099912029
TEST1,SY2B1WOT542WP,1.075899232
TEST1,SY2B3KSC486W,2.725294708
TEST1,SY2B3WJC408WM4,1.131270213
TEST1,SY2B3WOP980W,2.674828971
TEST1,SY2B4WPS882WM1,2.083305656
TEST1,SY2B4WSC734W,9.913118331
TEST1,SY2B5KSCJ95W,16.26541872
TEST1,SY2B5NOT508W,1.119565215
TEST1,SY2B5WJC471WM2,1.768138274
TEST1,SY2B5WJC471WM3,1.629523492
TEST1,SY2B5WOP951WM2,10.15547162
TEST1,SY2B5WOP996WM1,12.1867001
TEST1,SY2B5WOP999WM1,13.52486021
TEST1,SY2B5WOPJ53WM1,10.45580425
TEST1,SY2B5WOT571W,1.512323322
TEST1,SY2B5WPC847W,16.34123533
TEST1,SY2B5WPC847WM,12.79298882
TEST1,SY2B5WPCJ44W,11.16586856
TEST1,OB2B7WPC340W,12.71050686
TEST1,OB2B7WPC346W,2.8150389
TEST1,OB2B7WPC350W,7.751373647
TEST1,OB2B7WPC350WM1,13.02057655
TEST1,OB2B7WSC445W,4.531330389
TEST1,OB2B7WSC464W,12.32429811
TEST1,OB2B7WSC466N,2.333813507
TEST1,OB2B7WSC469W,2.157552875
TEST1,OB2B7WSC471W,12.77140289
TEST1,OB2B7WSC471WM1,18.28524583
TEST1,OB2B7WSC475W,14.51234211
TEST1,OB2B7WSH208W,7.511042439
TEST1,OB2B7WVT068W,1.245698351
TEST1,PL2B3TTO004W,6.000692862
TEST1,PL2B3WCT001W,4.799027953
TEST1,PL2B7KCD002W,1.558488957
TEST1,PL2B7TPC002W,12.09821744
TEST1,PL2B7WDR014W,11.48705857
TEST1,PL2B7WJM001W,1.545345625
TEST1,PL2B7WSC002W,6.166973205
TEST1,SH2B0KCD008M,3.25106574
TEST1,SH2B0NPC502MP1,6.188465668
TEST1,SH2B0WPC502MM2,16.91793793
TEST1,SH2B0WSH704MM,9.579951266
TEST1,SH2B1KCD007M,2.715940245
TEST1,SH2B1KCD012M,2.263071702
TEST1,SH2B1KVT029M,1.447367772
TEST1,SH2B1WCT402M,4.19491724
TEST1,SH2B1WCT402MM,4.49871474
TEST1,SH2B1WCT403M,3.683826636
TEST1,SH2B1WCT404M,1.548207642
TEST1,SH2B1WCT405M,1.278500264
TEST1,SH2B1WCT406M,1.631146703
TEST1,SH2B1WJC253MM,1.559979062
TEST1,SH2B1WOT312MM1,2.075305868
TEST1,SH2B1WPC553MM,18.47342642
TEST1,SH2B1WPC553MM1,8.901408039
TEST1,SH2B1WSH701MM1,7.567316077
TEST1,SH2B3KCD015M,2.296163178
TEST1,SH2B3KCD020M,1.951861214
TEST1,SH2B3KCD021M,3.224442166
TEST1,SH2B3KCD028M,2.782233412
TEST1,SH2B3TRN621MM3,5.381353363
TEST1,SH2B3WJC255MM,1.311976961
TEST1,SH2B3WJM316M,2.712430791
TEST1,SH2B4KCD031M,1.7026237
TEST1,SH2B4NPC549M,1.835816729
TEST1,SH2B4NPC550M,14.25377891
TEST1,SH2B4NPC550MM,6.988964392
TEST1,SH2B4NPC550MP1,8.51624506
TEST1,SH2B4WJC257M,1.83830676
TEST1,SH2B4WJM325M,2.048715828
TEST1,SH2B4WPC516MM,9.564480537
TEST1,SH2B4WPC516MM1,7.266416873
TEST1,SH2B4WPC525MM1,17.19310995
TEST1,SH2B4WPC531MM,8.474887841
TEST1,SH2B4WPC572M,19.46932885
TEST1,SH2B4WSH718MM1,4.731136709
TEST1,SH2B5NPC568M,15.01731082
TEST1,SH2B5NPC569M,12.47215431
TEST1,SH2B5TRN652MM1,1.025350203
TEST1,SH2B5TRN668M,4.417093348
TEST1,SH2B5TRN668MM,1.463523177
TEST1,SH2B5TRN669MM,7.790868738
TEST1,SH2B5WJM327M,2.50587175
TEST1,SH2B5WPC502MP,8.496395842
TEST1,SH2B5WSH728M,9.665881071
TEST1,SH2B5WVT324M,3.428679652
TEST1,SH2B7NPC503M,1.739697369
TEST1,SH2B7NPC508M,4.027645178
TEST1,SH2B7NPC515M,15.94629982
TEST1,SH2B7TRN608M,5.799083368
TEST1,SH2B7TRN613M,1.648878944
TEST1,SH2B7TTN601M,6.489345209
TEST1,SH2B7WJM311M,2.007724801
TEST1,SH2B7WPC502M,8.814946832
TEST1,SH2B7WPC502MM,9.275599965
TEST1,SH2B7WPC510M,7.385732963
TEST1,SH2B7WSH706M,8.863512901
TEST1,SH2B7WTO605M,8.563619767
TEST1,SH2B8WJC251M,1.701593602
TEST1,SH2B8WPC551M,9.372167527
TEST1,SJ2B0WOT602W,1.148899252
TEST1,SJ2B1WJM397WM,1.66743626
TEST1,SJ2B1WOT615W,1.344460568
TEST1,SJ2B1WOT615WM,4.128301537
TEST1,SJ2B4WOP755W,8.501398767
TEST1,SJ2B4WOP759WM,10.50094107
TEST1,SJ2B4WPC986WM,13.05312876
TEST1,SJ2B4WSH849WM,9.52555621
TEST1,SJ2B5WOP771W,3.063431631
TEST1,SJ2B5WOP774W,1.406437748
TEST1,SJ2B5WOP782W,8.236049567
TEST1,SJ2B5WOP783WM1,7.343998488
TEST1,SJ2B5WOP784W,5.496406862
TEST1,SJ2B5WOP784WM,8.747914642
TEST1,SJ2B5WOP788W,7.978049329
TEST1,SY2B7WTO585W,8.272515405
TEST1,TG2B1QJM001WST,6.972861335
TEST1,TG2B1WCT006MDU,2.012797441
TEST1,TG2B1WJC043MAA,1.407998991
TEST1,TG2B1WOT002M29,1.393869348
TEST1,TG2B1WPC078M29,15.01462096
TEST1,TG2B3KTO027MAA,2.626115181
TEST1,TG2B3TPC011NDU,1.083887081
TEST1,TG2B3WPC043MAA,9.540478037
TEST1,TG2B3WPC045NHC,8.623633511
TEST1,TG2B7TDR003WC6,9.434640991
TEST1,TG2B7TTS046WGX,6.315509688
TEST1,TG2B7TTS047WGX,6.530425215
TEST1,TG2B7WSC006WB1,20.09532595
TEST1,TG2B7WSH024WJF,8.959267943
TEST1,TH2B0WPC522MP1,7.097917073
TEST1,TH2B1KVT017M,3.352986236
TEST1,TH2B1NPC670MP2,8.417402668
TEST1,TH2B1NPC670MP4,3.651335269
TEST1,TH2B1NPC673NP1,16.38966672
TEST1,TH2B1WCT400M,4.209371513
TEST1,TH2B1WCT400MP1,3.518699682
TEST1,TH2B1WCT404M,2.418610238
TEST1,TH2B1WCT404MM1,3.311513547
TEST1,TH2B3TPC593N,8.259120402
TEST1,TH2B3TRN628M,1.890228092
TEST1,TH2B3TRN628MM1,7.784059199
TEST1,TH2B3WCT403M,1.564262857
TEST1,TH2B3WCT403MM1,4.336145985
TEST1,TH2B3WJC051MP1,1.675874275
TEST1,TH2B3WJC206MM1,1.449127985
TEST1,TH2B3WJM304MP1,1.038427788
TEST1,TH2B3WJM304MP2,2.975463002
TEST1,TH2B3WPC525MM1,23.54917272
TEST1,TH2B3WPC527MM1,7.666227616
TEST1,TH2B3WPC527MM2,15.30822343
TEST1,TH2B3WPC528M,1.724691515
TEST1,TH2B3WPC651MP1,6.874718966
TEST1,TH2B4NPC678M,5.550147754
TEST1,TH2B4WJC053M,1.648261959
TEST1,TH2B4WJC054M,1.375716966
TEST1,TH2B4WJC055M,1.604759352
TEST1,TH2B4WJC056M,1.395087086
TEST1,TH2B4WJC057M,1.42290403
TEST1,TH2B4WJC210M,1.376791582
TEST1,TH2B4WJM317MM1,1.22857839
TEST1,TH2B4WOT314MM1,1.870909891
TEST1,TH2B4WOT314MP1,2.142509528
TEST1,TH2B4WPC581MP1,19.0417438
TEST1,TH2B4WPC653MP2,19.34201631
TEST1,TH2B4WPC656MM1,23.879553
TEST1,TH2B4WSH712MP2,4.302658151
TEST1,TH2B4WSH723MP1,4.95158822
TEST1,TH2B1WCT406N,2.614165707
TEST1,TH2B1WJC202M,1.085909566
TEST1,TH2B1WJC202MM1,1.718874812
TEST1,TH2B1WJC208M,1.672824176
TEST1,TH2B1WJC208MM1,1.166197601
TEST1,TH2B1WJM302MP1,2.141704677
TEST1,TH2B1WOT313M,4.205680815
TEST1,TH2B1WOT320MP1,2.416815883
TEST1,TH2B1WPC523MP1,12.35448558
TEST1,TH2B1WPC652MP1,17.71290578
TEST1,TH2B3KCD026M,1.726905021
TEST1,TH2B3NJM316MM2,2.970126779
TEST1,TH2B3NPC673MP3,15.56205543
TEST1,TH2B3NPC677NP1,15.69293226
TEST1,TH2B3NPC683NP1,1.85065327
TEST1,SY2B5WSC742W,15.84561071
TEST1,SY2B5WSC743W,1.486822781
TEST1,SY2B5WSH071WM1,5.602162341
TEST1,SY2B5WSH073W,5.718666963
TEST1,SY2B5WSHJ01WM1,3.322921847
TEST1,SY2B7KCD803W,3.591083682
TEST1,SY2B7KDR952W,3.889770097
TEST1,SY2B7NPC304W,10.06895615
TEST1,SY2B7NPC305W,16.44708399
TEST1,SY2B7NSC503W,16.37201486
TEST1,SY2B7NVT081W,2.678998042
TEST1,SY2B7TTO701W,3.120147045
TEST1,SY2B7TTO702W,5.273027274
TEST1,SY2B7TTO702WM,6.308987711
TEST1,SY2B7TTO709W,3.067696806
TEST1,SY2B7WBL261W,4.210141376
TEST1,SY2B7WBL261WM,6.697709134
TEST1,SY2B7WBL263W,5.151840103
TEST1,SY2B7WBL263WM,1.635612396
TEST1,SY2B7WPC402W,16.53781514
TEST1,SY2B7WPC403W,8.91077542
TEST1,SY2B7WPC405W,5.091732392
TEST1,SY2B7WPC407W,2.627586482
TEST2,MM2B1WCT022H2A,1.161299805
TEST2,MM2B1WCT090MM,2.749171745
TEST2,MM2B1WCT091M,3.585415148
TEST2,MM2B1WCT093M,4.765422719
TEST2,MM2B1WCT096M,4.020822454
TEST2,MM2B1WCT097N,2.154508338
TEST2,MM2B1WOT035H3A,2.97234358
TEST2,MM2B1WPC504MP,10.82911288
TEST2,MM2B1WPC505MM,21.70447668
TEST2,MM2B1WPC506MM,17.89138985
TEST2,MM2B1WSH703MM,6.046015804
TEST2,MM2B3KCD005M,2.283768341
TEST2,MM2B3KCD020H5A,1.20541257
TEST2,MM2B3NPC026H5E,15.69605135
TEST2,MM2B3WOT038H5A,1.455151161
TEST2,MM2B3WOT304MM,2.518151699
TEST2,MM2B3WOT304MM1,2.596838092
TEST2,MM2B3WOT306M,1.579530248
TEST2,MM2B3WOT306MM,1.456949612
TEST2,MM2B3WOT306MP,2.508742045
TEST2,MM2B3WPC011H6H,9.25974352
TEST2,MM2B3WPC017H6E,23.39913365
TEST2,MM2B3WPC038H5A,16.46024908
TEST2,MM2B3WPC508MM,16.23624951
TEST2,MM2B3WPQ024H5A,11.1958763
TEST2,MM2B3WPQ036H5A,4.280607154
TEST2,MM2B3WPQ045H5E,15.170159
TEST2,MM2B3WPQ060H5H,5.684917572
TEST2,MM2B3WPQ061H5H,9.484632356
TEST2,MM2B3WPQ061H6H,10.55013514
TEST2,MM2B3WPQ062H5H,10.43375186
TEST2,MM2B3WPQ064H6H,2.773332391
TEST2,MM2B4WJC200M,1.265951861
TEST2,MM2B7KCD001M,3.795684576
TEST2,MM2B7NPC023H8A,7.997606809
TEST2,MM2B7TTO035H7E,2.464204579
TEST2,MM2B7TTO600M,7.270469026
TEST2,MM2B7TTO600MM,5.997177538
TEST2,MM2B7TTO600MM1,4.72714228
TEST2,MM2B7WPC500M,20.29386692
TEST2,MM2B7WPC500MM,23.93572318
TEST2,MM2B7WPC502M,9.170021058
TEST2,MM2B7WSH701M,1.114085956
TEST2,MN2B0WCT201W,4.138480349
TEST2,MN2B0WOT503W,1.585909421
TEST2,MN2B3KSC043W,8.827335277
TEST2,MU2B3WSH150W6O,8.257026863
TEST2,MW2B0RCT200W,4.605623855
TEST2,MW2B0RCT201W,1.010721046
TEST2,MW2B0RCT201WM,4.629686839
TEST2,MW2B1WCG001E3A,3.546325165
TEST2,MW2B3KSC015E6A,19.77963274
TEST2,MW2B3WDR012E4A,11.80136384
TEST2,OB2B7WOT083W,2.111296972
TEST2,OB2B7WOT089W,2.256627706
TEST2,O22B5WSH391W,3.443114717
TEST2,O22B5WVT781WM1,1.658544021
TEST2,O22B7NPC655W,15.29978753
TEST2,O22B7NSH653W,9.606194826
TEST2,O22B7TTO551W,2.73912223
TEST2,O22B7TTO552W,5.707223303
TEST2,O22B7TTO554W,4.195479189
TEST2,O22B7TTO555W,1.41132264
TEST2,O22B7WBL001W,7.533712839
TEST2,O22B7WOP134W,3.689555996
TEST2,O22B7WPC301W,7.263138628
TEST2,O22B7WPC303W,4.311188659
TEST2,O22B7WSC402W,14.56494834
TEST2,O22B7WSC404W,8.218238655
TEST2,O22B7WTO101W,5.025642153
TEST2,O22B7WVT481W,1.274283472
TEST2,MU2B1WJC121WS8,5.333203045
TEST2,MU2B3LTO001W6O,6.192974138
TEST2,MU2B3NPC058W6O,13.47523346
TEST2,MU2B3NPC059W6O,16.29964133
TEST2,MU2B3TTO073MEC,1.845588474
TEST2,MU2B3TTO076MCL,7.202531167
TEST2,MU2B3TTO077MCL,1.976804219
TEST2,MU2B3TTO286W6O,4.169091269
TEST2,MU2B3TTO287W6O,6.908915657
TEST2,MU2B3TTO288W6O,5.046748355
TEST2,MU2B3TTO290W6O,5.916875115
TEST2,MU2B3WCT024W6O,1.094749967
TEST2,MU2B3WDR052W6O,12.50313058
TEST2,MU2B3WJC031MCL,1.884898159
TEST2,MU2B3WJC064W6O,1.735608423
TEST2,MU2B3WPC048MCL,12.32985057
TEST2,MU2B3WPC049MCL,8.71486658
TEST2,MU2B3WPC152W6O,1.544469418
TEST2,MU2B3WSC037W6O,15.90939331
TEST2,MU2B3WSC038W6O,20.0891264
TEST2,MU2B3WSH038MCL,8.517828022
TEST2,MU2B3WSH039MCL,2.893450389
TEST2,MU2B3WSH149W6O,1.410160149
TEST2,SJ2B5WPC996W,12.9267624
TEST2,SJ2B5WSC252WM1,3.661966537
TEST2,SJ2B7TTO631W,4.972292865
TEST2,SJ2B7WJC201W,1.580299527
TEST2,SJ2B7WPS361W,6.42338788
TEST2,SJ2B7WSC905W,7.148737113
TEST2,SJ2B7WSH501W,5.729062161
TEST2,SJ2B7WSH502W,4.769458664
TEST2,SJ2B7WTO451W,1.972889974
TEST2,SY2B0WOT533WM1,2.682092499
TEST2,SY2B0WOT534W,6.334899382
TEST2,SY2B0WOT534WM,4.500359566
TEST2,MW2B3WDR014E4A,4.172743184
TEST2,MW2B3WDR018E5A,9.409299096
TEST2,MW2B3WSC010E4A,9.002105761
TEST2,MW2B3WSC705W,15.93801996
TEST2,MW2B3WSH020E5A,5.230696316
TEST2,MW2B4WSC711W,11.01162102
TEST2,MW2B7KCD001EEE,1.48787597
TEST2,MW2B7KCD304W,2.167160638
TEST2,MW2B7NPC004E,6.918857142
TEST2,MW2B7NPC005E,1.032387469
TEST2,MW2B7NPC006E,5.113020315
TEST2,MW2B7TTO500W,2.233559196
TEST2,MW2B7WDR001E,9.29576604
TEST2,MW2B7WDR002E,7.472587816
TEST2,MW2B7WDR003E,5.559608888
TEST2,MW2B7WSC700W,8.82950851
TEST2,MW2B7WSH006E,2.417065531
TEST2,O22B0WCT601W,5.53348285
TEST2,O22B1WPC815W,1.884485663
TEST2,O22B4WPC832W,2.410943624
TEST2,O22B4WSC933W,2.63581475
TEST2,O22B5WOPW23W,2.283036835
TEST2,O22B5WPCW19W,12.13164743
TEST2,O22B5WSCW10W,20.69995902
TEST2,O22B5WSCW11W,9.088255264
TEST2,OB2B0QOT805W,1.105424632
TEST2,OB2B0ROT022W,1.22718358
TEST2,OB2B0WOT030W,1.827724081
TEST2,OB2B1WOT025W,2.691644717
TEST2,OB2B3WPC323WM3,9.753208923
TEST2,OB2B3WPS319WM1,14.18575639
TEST2,OB2B3WSC420W,7.54095176
TEST2,OB2B3WSC436W,1.704007531
TEST2,OB2B3WSC441W,2.993945992
TEST2,OB2B4WOP537W,3.681571374
TEST2,OB2B4WSC431W,3.224739898
TEST2,OB2B5WOP553W,6.642771805
TEST2,OB2B5WOP565W,8.592869728
TEST2,OB2B5WPC339WM1,6.167226557
TEST2,OB2B5WPC359W,13.05626945
TEST2,OB2B5WPC361W,1.952892495
TEST2,OB2B5WPC361WM1,11.7374458
TEST2,OB2B5WPC363W,9.136780288
TEST2,OB2B5WSC438W,14.49229653
TEST2,OB2B5WSC454W,6.570138731
TEST2,OB2B7KCD760W,2.743157988
TEST2,OB2B7LOT804W,1.934456057
TEST2,OB2B7NPC630W,12.09150952
TEST2,OB2B7WBL191W,2.211666164
TEST2,OB2B7WJC078W,1.563129127
TEST2,OB2B7WOP572W,2.068290643
TEST2,OB2B7WOT063W,2.109771813
TEST2,OB2B7WOT070W,1.777496404
TEST2,OB2B7WOT074W,2.379555405
TEST1,SJ2B7KTO705W_BD,1.293669136
TEST1,MU2B3KTO022MCL_GN,9.988344966
TEST1,PL2B7KTO007W_LA,7.369841562
TEST1,PL2B7KTO004W_NY,4.600359565
TEST1,SY2B5KTO664WM1_MN,3.466669817
TEST1,MN2B5KTO481WP_BK,9.474468263
TEST1,MN2B3KTO444WM1_CR,2.223254744
TEST1,OB2B7KTO770W_PK,6.38552662
TEST1,CM2B8KTO917W_RP,2.595966964
TEST1,CM2B7KTO343W_KG,10.68402668
TEST1,SY2B7KTO853W_KB,4.131778514
TEST1,TM2B8KTO422W_VA,10.67410674
TEST1,IL2B7KTO005WP_LP,4.318305073
TEST1,IL2B7KTO004W_BK,6.383681579
TEST1,TM2B8KTOS21W_BK,4.427787058
TEST1,LC2B7KTO107W_IV,7.146176516
TEST1,LC2B7KTO105W_CR,7.202536902
TEST1,LC2B7KTO103W_LE,5.828398026
TEST1,LC2B7KTO102W_BL,3.069598845
TEST1,TN2B4WSC724W,9.297611125
TEST1,TN2B4WSC725W,9.908141733
TEST1,TN2B4WSCT08W,6.48184085
TEST1,TN2B4WSCT09W,16.25617399
TEST1,TN2B5WDR436W,2.097228973
TEST1,TN2B5WDR438W,1.15134758
TEST1,TN2B5WPC827W,3.960734488
TEST1,TN2B5WPC830W,10.93595664
TEST1,TN2B5WSCG23N,20.20882185
TEST1,TN2B5WSHG20NM,2.085716602
TEST1,TN2B7WDRG01N,4.535274992
TEST1,TN2B7WDRG01NM,4.85365669
TEST1,TN2B7WDRG01NM1,1.012429854
TEST1,TN2B7WDRG01NM2,4.821287487
TEST1,TN2B7WDRG01NP,3.521256583
TEST1,YN2B0NOT201W,5.328303603
TEST1,YN2B0WCT150W,2.099241644
TEST1,YN2B1WOT213W,4.285335378
TEST1,YN2B3TTO612NM1,6.914658854
TEST1,YN2B3WSC727W,7.526724624
TEST1,YN2B5KCD934W,2.162256009
TEST1,YN2B5WDR425W,6.085345317
TEST1,YN2B7KVT918W,3.203836769
TEST1,YN2B7TSC751W,1.36239031
TEST1,YN2B7WPC804W,12.27561146
TEST1,YN2B7WPC817W,1.104603725
TEST1,YS2B1QJC001WSD,1.037136231
TEST1,YS2B1WDR018WFA,10.98914306
TEST1,YS2B1WSC006WOT,8.986354061
TEST1,YS2B1WSC007WOT,4.251877741
TEST2,CN2B7NPC855W,11.58266973
TEST2,CN2B7NPC855WM,10.86041373
TEST2,CN2B7NPC856W,2.460687259
TEST2,CN2B7TTO602W,3.204262149
TEST2,CN2B7WJM250W,2.149895136
TEST2,CN2B7WPC800W,4.063836361
TEST2,CN2B7WPC800WP,7.824007904
TEST2,CN2B7WSC707W,2.938791379
TEST2,CS2B1WDR018WHM,8.248514812
TEST2,CS2B1WSC012WNL,5.375663277
TEST2,CS2B3WCT001WEF,3.369233936
TEST2,HS2B3TTS002M73,1.449971258
TEST2,HS2B3WCT012MPA,2.807374444
TEST2,HS2B3WJC009MMO,1.728910329
TEST2,HS2B3WJC010MMO,1.981472968
TEST2,HS2B3WJC026MPA,1.063883053
TEST2,HS2B3WSH011M6G,6.700349657
TEST2,IL2B0QOT771WS,2.281930229
TEST2,IL2B0QOT774W,2.151708014
TEST2,IL2B0QOT775W,5.703783754
TEST2,IL2B0QOT776WS,3.205662508
TEST2,IL2B0WCT301W,3.525963397
TEST2,IL2B0WOT202W,4.131708775
TEST2,IL2B0WOT203W,1.018223616
TEST2,IL2B1WCT311WP,1.453983805
TEST2,IL2B1WCT313WM,2.927155812
TEST2,IL2B3WJC269WP,1.768793761
TEST2,IL2B3WPC533WM2,14.54859011
TEST2,IL2B4WJC276WP,1.786615027
TEST2,IL2B4WPC556WP,10.30763491
TEST2,CM2B1KCD033M,2.036705978
TEST2,CM2B1KOT032M,1.236507705
TEST2,CM2B1WOT243WP1,1.200727936
TEST2,CM2B3KCD034M,1.37998286
TEST2,CM2B3NPC578WM1,3.410872081
TEST2,CM2B3NPC578WM2,1.765005603
TEST2,CM2B3WSC556WM2,20.52363436
TEST2,CM2B3WSC558WP1,1.908250838
TEST2,CM2B4KCD237WP1,2.951229737
TEST2,CM2B4KSC142W,8.324233088
TEST2,CM2B4WOT281WP2,2.642781694
TEST2,CM2B4WSC570W,2.583955977
TEST2,CM2B5KOP315W,8.439673125
TEST2,CM2B5KOP318W,11.96895811
TEST2,CM2B5WPC608W,12.38993655
TEST2,CM2B5WPC608WP1,14.71295985
TEST2,CM2B7KOT252W,1.05297944
TEST2,CM2B7KPC551W,3.671184149
TEST2,CM2B7KPC908W,7.450637442
TEST2,CM2B7KSC906W,7.093303828
TEST2,CM2B7NOT219W,2.803191565
TEST2,CM2B7NPC515W,13.96349291
TEST2,CM2B7NPC515WM1,12.94270899
TEST2,CM2B7WOP402W,6.865496432
TEST2,CM2B7WOP404W,2.102409112
TEST2,CM2B7WOT220W,2.103183915
TEST2,CM2B7WOT232W,1.071143515
TEST2,CM2B7WOT232WP1,1.991709014
TEST2,CM2B7WOT236W,2.896322255
TEST2,CM2B7WPC507W,4.161293872
TEST2,CM2B7WPC518W,11.44932271
TEST2,CM2B7WPC550W,8.269930945
TEST2,CM2B7WSC534W,14.5545725
TEST2,CM2B7WSC536W,7.156124318
TEST2,CM2B7WTO303W,1.725587945
TEST2,CM2B7WTO308W,3.996013609
TEST2,CM2B7WTO308WM1,6.848490892
TEST2,CM2B8KOP922W,6.626455759
TEST2,CM2B8KOT921W,1.417523876
TEST2,CN2B0RCT150W,1.667335492
TEST2,CN2B0ROT201W,5.791598738
TEST2,CN2B0ROT209W,1.666539527
TEST2,CN2B0WOT202W,1.48203729
TEST2,CN2B0WOT202WM,1.581009531
TEST2,CN2B0WOT206W,4.585375296
TEST2,CN2B0WOT209W,2.072255419
TEST2,CN2B1WSC708N,12.08613189
TEST2,CN2B3KSC056W,12.6994268
TEST2,CN2B4WDR412W,9.14939001
TEST2,CN2B5WSC728W,1.337223108
TEST2,CN2B5WSC730W,4.135807243
TEST2,MN2B3NSC943WM1,16.38301838
TEST2,MN2B3NSC943WM3,5.349864206
TEST2,MN2B3NSC943WP,9.047999205
TEST2,MN2B3WPC045WP,12.62339037
TEST2,MN2B3WSC947W,10.81284696
TEST2,MN2B4WOP670WM1,13.47861131
TEST2,MN2B4WPC065WP,10.63179078
TEST2,MN2B4WSC964WM,15.10667711
TEST2,MN2B4WSH864WM,2.337102847
TEST2,MN2B5KSC081W,5.395087444
TEST2,MN2B5TTO281W,3.750036864
TEST2,MN2B5WPC081WM1,14.96310493
TEST2,MN2B5WPC084W,7.942802142
TEST2,MN2B7KCD902W,3.560137732
TEST2,MN2B7KPC204W,8.275427714
TEST2,MN2B7KSC203W,12.25162859
TEST2,MN2B7KVT702W,2.200114772
TEST2,MN2B7WJC602W,1.241159736
TEST2,MN2B7WJC602WM,1.601622586
TEST2,MN2B7WOP801W,7.578815543
TEST2,MN2B7WPC302W,14.31892779
TEST2,MN2B7WPC303W,7.429348896
TEST2,MN2B7WTO506W,6.202101337
TEST2,MN2B7WTO509N,2.154687814
TEST2,MN2B7WTO510W,4.190728846
TEST2,MU2A7WCT082WJ9,2.606889871
TEST2,MU2A9NPC020MFE,9.564222865
TEST2,MU2B1NCT002W1N,5.840521442
TEST2,MU2B1NJC005W1N,1.232891401
TEST2,MU2B1NSC004W1N,16.85361353
TEST2,IL2B4WSH831WM,1.666869572
TEST2,IL2B4WSH831WP,8.210658608
TEST2,IL2B7WJC403W,1.268557446
TEST2,IL2B7WOT432W,1.638655231
TEST2,IL2B7WPC203W,13.40278
TEST2,IL2B7WPC204W,10.36611572
TEST2,IL2B7WPC204WM,7.3322593
TEST2,IL2B7WSC154W,18.95971379
TEST2,IL2B7WSH542W,7.914929091
TEST2,IL2B7WSH544W,9.532510869
TEST2,LC2B0NOT304W,3.453228939
TEST2,LC2B0QJCC03W,1.48428959
TEST2,LC2B0QOT802W,3.624570735
TEST2,LC2B0QOTC09W,1.959527029
TEST2,LC2B0QOTC09WM1,6.705283409
TEST2,LC2B0WCT402W,5.772182896
TEST2,LC2B0WOT707W,2.180661341
TEST2,LC2B1WCT422W,4.286687212
TEST2,LC2B1WPC438WM4,9.860930656
TEST2,LC2B3WOT750W,4.571419007
TEST2,LC2B4NSC365W,14.05886656
TEST2,LC2B4WOP164WM1,1.000230282
TEST2,LC2B4WOP169WM2,11.41139537
TEST2,LC2B4WPC463W,8.718737508
TEST2,LC2B4WPC470W,13.35934697
TEST2,LC2B4WTO969WM1,7.950230743
TEST2,LC2B5WSC585W,4.652027399
TEST2,LC2B5WSC587WM1,13.48225299
TEST2,LC2B5WSS581W,6.280514733
TEST2,LC2B7KCD108W,2.184730154
TEST2,LC2B7WBL105W,2.087371549
TEST2,LC2B7WJC401W,1.301646834
TEST2,LC2B7WOP206W,8.350709183
TEST2,LC2B7WOP208W,6.339635391
TEST2,LC2B7WOP209W,2.831734235
TEST2,LC2B7WOP210W,6.902083534
TEST2,LC2B7WOT801W,1.338282409
TEST2,LC2B7WOT803W,2.052728424
TEST2,LC2B7WOT803WM1,2.466056733
TEST2,LC2B7WOT805W,2.799303624
TEST2,LC2B7WPC502W,17.43809869
TEST2,LC2B7WPC503W,4.015348962
TEST2,LC2B7WPC506W,3.475008022
TEST2,LC2B7WSC609W,11.49840426
TEST2,LC2B7WTO209W,7.896289299
TEST2,LV2B1KCD002W,2.863282539
TEST2,LV2B3WDR005W,4.163690308
TEST2,LV2B3WTO007W,4.516672226
TEST2,MM2B0WCT094M,3.689517781
TEST2,MM2B1KCD003M,3.331059757
TEST2,MM2B1KCD032H3A,3.808504144
TEST2,MM2B1WCT021H2A,4.014171304
TEST2,TH2B5WPC529MM1,10.47321547
TEST2,TH2B5WPC529MM2,11.89536256
TEST2,TH2B5WPC583M,15.66636463
TEST2,TH2B5WPC583MM1,12.9214089
TEST2,TH2B5WPC584M,10.37702305
TEST2,TH2B5WPC584MM1,1.366163363
TEST2,TH2B5WPC584MP2,7.812870344
TEST2,TH2B5WPC586M,13.03790776
TEST2,TH2B5WPC586MP1,9.066247454
TEST2,TH2B5WPC588M,12.27478242
TEST2,TH2B5WPC589M,11.62743319
TEST2,TH2B5WPC590M,8.020540126
TEST2,TH2B5WPC594M,19.49787564
TEST2,TH2B5WPC594MM1,18.71567584
TEST2,TH2B5WPC595N,3.206711427
TEST2,TH2B5WPC597N,21.5531852
TEST2,TH2B5WPC598N,21.21120574
TEST2,TH2B5WSH720N,7.100249062
TEST2,TH2B5WSH722MM1,5.775531015
TEST2,TH2B5WSH725M,6.283062335
TEST2,TH2B5WSH727M,4.17458978
TEST2,TH2B5WSH728M,3.901072439
TEST2,TH2B7NPC684M,5.801143455
TEST2,TH2B7NPC684MP1,17.30072403
TEST2,TH2B7TTN604MM1,5.058006255
TEST2,TH2B7TVT601M,1.42662818
TEST2,TH2B7WJC201M,1.491127135
TEST2,TH2B7WJM301M,1.022475779
TEST2,TH2B7WPC570M,1.838832271
TEST2,TH2B7WPC571M,18.9750083
TEST2,TH2B7WPC573M,12.70410893
TEST2,TH2B7WPC592M,1.930744852
TEST2,TH2B7WSH700M,4.049653453
TEST2,TH2B7WSH703M,1.433114134
TEST2,TH2B7WSH704M,7.198861823
TEST2,TH2B7WSH721M,5.011921356
TEST2,TH2B7WSH724M,6.486772614
TEST2,TH2B7WSH724MM1,5.025587848
TEST2,TH2B8KCD009M,1.89889735
TEST2,TH2B8WPC574M,4.420578268
TEST2,TH2B8WSH707M,5.565847281
TEST2,TM2B0WCT401W,4.762524794
TEST2,TM2B1WCT422WP1,2.610979609
TEST2,TM2B1WCT422WP5,1.356849645
TEST2,TM2B1WOT323WP2,1.958302578
TEST2,TM2B1WPC825WP5,8.957472933
TEST2,TM2B3WCT441WP1,1.800045786
TEST2,TM2B3WCT441WP2,2.350973994
TEST2,TM2B3WCT441WP3,3.397131389
TEST2,TM2B3WCT441WP4,1.062696675
TEST2,TM2B3WCT442W,3.559579379
TEST2,TM2B3WCT442WP1,4.293693299
TEST2,TM2B3WPCS42W,9.185709255
TEST2,TM2B3WPCS42WP4,14.30152858
TEST2,TM2B3WPCS42WP5,14.2874938
TEST2,TM2B3WSC645WP1,18.86825428
TEST2,TM2B4KSC464W,2.577383036
TEST2,TM2B4WSH562WP2,3.645947211
TEST2,TM2B4WSH562WP6,2.734751759
TEST2,TM2B5KOT183WM1,1.009013585
TEST2,TM2B5KSCB84W,9.334036266
TEST2,TM2B5KSCB84WM1,6.586340838
TEST2,TM2B5KSCB84WM2,1.908254841
TEST2,TM2B5KSCB84WP1,8.305326991
TEST2,TM2B5WOP981WP4,7.062152963
TEST2,TM2B5WOP982W,6.773013327
TEST2,TM2B5WOP982WP1,10.24642868
TEST2,TM2B5WOP982WP2,4.152828059
TEST2,TM2B5WOP987W,3.54476698
TEST2,TM2B5WOP991WP2,8.960107133
TEST2,TM2B5WOPS92WM3,9.160992614
TEST2,TM2B5WPC884W,12.56657565
TEST2,TM2B7KCD201W,2.952883941
TEST2,YS2B3NSC001WAC,12.20539986
TEST2,YS2B3NSC004WBS,15.31710706
TEST2,YS2B3NSC005W24,16.51068102
TEST2,YS2B3NSC006W24,13.26710141
TEST2,YS2B3TDR005W23,7.06002098
TEST2,YS2B3WDR011WSS,1.533779958
TEST2,YS2B3WDR018WDN,9.389035703
TEST2,YS2B3WPC012WAB,2.886872696
TEST2,YS2B3WSC011WRS,12.57185492
TEST2,YS2B7KCD006WTB,2.99101126
TEST2,YS2B7NJC006WTB,1.500714159
TEST2,YS2B7NJC007WBS,1.343127716
TEST2,YS2B7NPC401WFE,14.55299838
TEST2,YS2B7NPC509WFE,11.07494901
TEST2,YS2B7NPC702WFE,4.484106485
TEST2,YS2B7TPC011NPA,17.38216084
TEST2,YS2B7TTO058NPA,7.764892343
TEST2,YS2B7TTO059NPA,3.383120074
TEST2,YS2B7WJM005WTB,1.987316192
TEST2,YS2B9NPC035W4D,12.41048797
TEST2,YS2B9NPC647W4D,15.8907108
TEST2,YS2B9NPC648W4D,3.606396902
TEST2,YS2B9NPC649W4D,3.330344871
TEST2,YS2B9NPC651W4D,16.59497574
TEST2,YS2B9NPC710W4D,4.337304986
TEST2,SJ2B7KTO703W_BK,3.707415393
TEST2,SY2B7KTO854W_GK,7.726454704
TEST2,SJ2B7KTO702W_BK,3.330586998
TEST2,LC2B4KTO963WP1_RT,6.717050105
TEST2,LV2B3KTO001W_PK,5.123427005
TEST2,SJ2B7KTO705W_BD,8.753496495
TEST2,MU2B3KTO022MCL_GN,6.56150141
TEST2,PL2B7KTO007W_LA,9.922967444
TEST2,PL2B7KTO004W_NY,10.06729324
TEST2,SY2B5KTO664WM1_MN,5.873547464
TEST2,MN2B5KTO481WP_BK,1.484145782
TEST2,MN2B3KTO444WM1_CR,4.506940099
TEST2,OB2B7KTO770W_PK,7.456093217
TEST2,CM2B8KTO917W_RP,10.51821149
TEST2,CM2B7KTO343W_KG,2.162942495
TEST2,SY2B7KTO853W_KB,4.045949974
TEST2,TM2B8KTO422W_VA,2.387915134
TEST2,IL2B7KTO005WP_LP,1.082477882
TEST2,IL2B7KTO004W_BK,5.562045316
TEST2,TM2B8KTOS21W_BK,6.118220849
TEST2,LC2B7KTO107W_IV,8.080278888
TEST2,LC2B7KTO105W_CR,10.34191816
TEST2,LC2B7KTO103W_LE,7.004791022
TEST2,LC2B7KTO102W_BL,4.09663711
TEST2,TN2B4WSC724W,8.118940972
TEST2,TN2B4WSC725W,14.6330475
TEST2,TN2B4WSCT08W,12.40100937
TEST2,TN2B4WSCT09W,7.928075804
TEST2,TN2B5WDR436W,9.097658169
TEST2,TN2B5WDR438W,1.916121382
TEST2,TN2B5WPC827W,4.185113252
TEST2,TN2B5WPC830W,7.224493289
TEST2,TN2B5WSCG23N,7.050542797
TEST2,TN2B5WSHG20NM,4.281437474
TEST2,TN2B7WDRG01N,3.891199097
TEST2,TN2B7WDRG01NM,1.323080779
TEST2,TN2B7WDRG01NM1,11.95688952
TEST2,TN2B7WDRG01NM2,9.03339452
TEST2,TN2B7WDRG01NP,4.653230471
TEST2,YN2B0NOT201W,5.716777436
TEST2,YN2B0WCT150W,5.177735594
TEST2,YN2B1WOT213W,2.454793654
TEST2,YN2B3TTO612NM1,4.272119885
TEST2,YN2B3WSC727W,11.25262774
TEST2,YN2B5KCD934W,1.246906656
TEST2,YN2B5WDR425W,3.185040766
TEST2,YN2B7KVT918W,1.57134402
TEST2,YN2B7TSC751W,15.42134318
TEST2,YN2B7WPC804W,7.968907651
TEST2,YN2B7WPC817W,11.00459216
TEST2,YS2B1QJC001WSD,1.591339282
TEST2,YS2B1WDR018WFA,11.08636932
TEST2,YS2B1WSC006WOT,16.21304773
TEST2,YS2B1WSC007WOT,3.703434534
TEST3,CN2B7NPC855W,14.20907256
TEST3,CN2B7NPC855WM,10.28586011
TEST3,CN2B7NPC856W,15.70555997
TEST3,CN2B7TTO602W,1.007665733
TEST3,CN2B7WJM250W,1.459554824
TEST3,CN2B7WPC800W,14.13322036
TEST3,CN2B7WPC800WP,6.942572409
TEST2,SY2B0WOT534WM1,6.4956138
TEST2,SY2B0WOT534WM2,4.23513362
TEST2,SY2B1WOT542WP,1.536575229
TEST2,SY2B3KSC486W,13.78800141
TEST2,SY2B3WJC408WM4,1.389953592
TEST2,SY2B3WOP980W,10.65556752
TEST2,SY2B4WPS882WM1,10.35117533
TEST2,SY2B4WSC734W,5.488577907
TEST2,SY2B5KSCJ95W,1.249873659
TEST2,SY2B5NOT508W,1.391826281
TEST2,SY2B5WJC471WM2,1.07833103
TEST2,SY2B5WJC471WM3,1.387912751
TEST2,SY2B5WOP951WM2,3.060561303
TEST2,SY2B5WOP996WM1,7.224874455
TEST2,SY2B5WOP999WM1,13.05358977
TEST2,SY2B5WOPJ53WM1,8.083263629
TEST2,SY2B5WOT571W,2.935340511
TEST2,SY2B5WPC847W,5.771034541
TEST2,SY2B5WPC847WM,4.039125453
TEST2,SY2B5WPCJ44W,12.2730662
TEST2,OB2B7WPC340W,11.26864472
TEST2,OB2B7WPC346W,6.147094563
TEST2,OB2B7WPC350W,15.06157917
TEST2,OB2B7WPC350WM1,8.716386283
TEST2,OB2B7WSC445W,15.14479967
TEST2,OB2B7WSC464W,14.16331369
TEST2,OB2B7WSC466N,9.177520783
TEST2,OB2B7WSC469W,17.76907644
TEST2,OB2B7WSC471W,6.920545944
TEST2,OB2B7WSC471WM1,20.76476782
TEST2,OB2B7WSC475W,3.432827879
TEST2,OB2B7WSH208W,3.720019852
TEST2,OB2B7WVT068W,3.470730736
TEST2,PL2B3TTO004W,6.919658495
TEST2,PL2B3WCT001W,3.097506712
TEST2,PL2B7KCD002W,2.519661164
TEST2,PL2B7TPC002W,6.211099419
TEST2,PL2B7WDR014W,10.7802598
TEST2,PL2B7WJM001W,1.375264554
TEST2,PL2B7WSC002W,10.60507459
TEST2,SH2B0KCD008M,2.294247096
TEST2,SH2B0NPC502MP1,13.05099351
TEST2,SH2B0WPC502MM2,1.316690843
TEST2,SH2B0WSH704MM,4.670332878
TEST2,SH2B1KCD007M,3.146675706
TEST2,SH2B1KCD012M,3.78820921
TEST2,SH2B1KVT029M,1.460152122
TEST2,SH2B1WCT402M,3.74077183
TEST2,SH2B1WCT402MM,4.414166641
TEST2,SH2B1WCT403M,4.603078288
TEST2,SH2B1WCT404M,2.50074041
TEST2,SH2B1WCT405M,1.619641013
TEST2,SH2B1WCT406M,2.425501714
TEST2,SH2B1WJC253MM,1.324574081
TEST2,SH2B1WOT312MM1,1.505547737
TEST2,SH2B1WPC553MM,6.370385583
TEST2,SH2B1WPC553MM1,17.0861797
TEST2,SH2B1WSH701MM1,3.748254232
TEST2,SH2B3KCD015M,1.192870596
TEST2,SH2B3KCD020M,2.872377116
TEST2,SH2B3KCD021M,3.707289027
TEST2,SH2B3KCD028M,1.613993007
TEST2,SH2B3TRN621MM3,5.092418369
TEST2,SH2B3WJC255MM,1.062890286
TEST2,SH2B3WJM316M,1.967990506
TEST2,SH2B4KCD031M,1.277216549
TEST2,SH2B4NPC549M,3.600153553
TEST2,SH2B4NPC550M,6.163291426
TEST2,SH2B4NPC550MM,5.573068786
TEST2,SH2B4NPC550MP1,3.498946975
TEST2,SH2B4WJC257M,1.533650916
TEST2,SH2B4WJM325M,1.99290242
TEST2,SH2B4WPC516MM,4.270865459
TEST2,SH2B4WPC516MM1,19.80305295
TEST2,SH2B4WPC525MM1,13.46069078
TEST2,SH2B4WPC531MM,12.99390767
TEST2,SH2B4WPC572M,5.321624502
TEST2,SH2B4WSH718MM1,2.41920357
TEST2,SH2B5NPC568M,1.663747481
TEST2,SH2B5NPC569M,6.815997963
TEST2,SH2B5TRN652MM1,6.364604708
TEST2,SH2B5TRN668M,7.62935296
TEST2,SH2B5TRN668MM,3.898491193
TEST2,SH2B5TRN669MM,1.565558397
TEST2,SH2B5WJM327M,2.147199056
TEST2,SH2B5WPC502MP,11.7316417
TEST2,SH2B5WSH728M,1.044310402
TEST2,SH2B5WVT324M,2.803175916
TEST2,SH2B7NPC503M,2.477974003
TEST2,SH2B7NPC508M,12.68332496
TEST2,SH2B7NPC515M,12.2595688
TEST2,SH2B7TRN608M,7.55660227
TEST2,SH2B7TRN613M,7.395731662
TEST2,SH2B7TTN601M,1.767457161
TEST2,SH2B7WJM311M,1.603801668
TEST2,SH2B7WPC502M,22.33055932
TEST2,SH2B7WPC502MM,13.87492617
TEST2,SH2B7WPC510M,17.5405334
TEST2,SH2B7WSH706M,4.839128771
TEST2,SH2B7WTO605M,4.667559063
TEST2,SH2B8WJC251M,1.379121586
TEST2,SH2B8WPC551M,15.646525
TEST2,SJ2B0WOT602W,4.119241853
TEST2,SJ2B1WJM397WM,2.822183573
TEST2,SJ2B1WOT615W,4.107798173
TEST2,SJ2B1WOT615WM,1.143618156
TEST2,SJ2B4WOP755W,10.35200038
TEST2,SJ2B4WOP759WM,6.974750795
TEST2,SJ2B4WPC986WM,8.693706932
TEST2,SJ2B4WSH849WM,9.853637764
TEST2,SJ2B5WOP771W,12.19329826
TEST2,SJ2B5WOP774W,12.56762896
TEST2,SJ2B5WOP782W,7.302398309
TEST2,SJ2B5WOP783WM1,5.747485278
TEST2,SJ2B5WOP784W,12.89257615
TEST2,SJ2B5WOP784WM,8.482636955
TEST2,SJ2B5WOP788W,12.36475542
TEST2,SY2B7WTO585W,6.727684716
TEST2,TG2B1QJM001WST,4.573262487
TEST2,TG2B1WCT006MDU,3.853287848
TEST2,TG2B1WJC043MAA,1.984611843
TEST2,TG2B1WOT002M29,2.734950426
TEST2,TG2B1WPC078M29,9.632265436
TEST2,TG2B3KTO027MAA,1.032384183
TEST2,TG2B3TPC011NDU,5.320568215
TEST2,TG2B3WPC043MAA,21.7940537
TEST2,TG2B3WPC045NHC,1.269270696
TEST2,TG2B7TDR003WC6,6.935984575
TEST2,TG2B7TTS046WGX,4.833130643
TEST2,TG2B7TTS047WGX,6.691928686
TEST2,TG2B7WSC006WB1,3.681108818
TEST2,TG2B7WSH024WJF,8.341572866
TEST2,TH2B0WPC522MP1,8.000228468
TEST2,TH2B1KVT017M,3.713274257
TEST2,TH2B1NPC670MP2,16.88379603
TEST2,TH2B1NPC670MP4,9.173623645
TEST2,TH2B1NPC673NP1,14.21868339
TEST2,TH2B1WCT400M,2.976328162
TEST2,TH2B1WCT400MP1,1.135085162
TEST2,TH2B1WCT404M,2.23312919
TEST2,TH2B1WCT404MM1,3.634627779
TEST2,TH2B3TPC593N,16.58909745
TEST2,TH2B3TRN628M,3.110209549
TEST2,TH2B3TRN628MM1,7.313128165
TEST2,TH2B3WCT403M,4.718169725
TEST2,TH2B3WCT403MM1,3.256207186
TEST2,TH2B3WJC051MP1,1.390672532
TEST2,TH2B3WJC206MM1,1.530230213
TEST2,TH2B3WJM304MP1,2.61461642
TEST2,TH2B3WJM304MP2,2.689561016
TEST2,TH2B3WPC525MM1,8.478213925
TEST2,TH2B3WPC527MM1,13.3342484
TEST2,TH2B3WPC527MM2,16.90180188
TEST2,TH2B3WPC528M,15.60121143
TEST2,TH2B3WPC651MP1,20.0189028
TEST2,TH2B4NPC678M,8.805683991
TEST2,TH2B4WJC053M,1.608228184
TEST2,TH2B4WJC054M,1.599849064
TEST2,TH2B4WJC055M,1.291864272
TEST2,TH2B4WJC056M,1.895868116
TEST2,TH2B4WJC057M,1.643900577
TEST2,TH2B4WJC210M,1.43319209
TEST2,TH2B4WJM317MM1,1.50163701
TEST2,TH2B4WOT314MM1,2.575437106
TEST2,TH2B4WOT314MP1,1.592639552
TEST2,TH2B4WPC581MP1,15.81522108
TEST2,TH2B4WPC653MP2,10.97237425
TEST2,TH2B4WPC656MM1,16.83951371
TEST2,TH2B4WSH712MP2,5.093018997
TEST2,TH2B4WSH723MP1,2.6124458
TEST2,TH2B1WCT406N,1.367987272
TEST2,TH2B1WJC202M,1.221966694
TEST2,TH2B1WJC202MM1,1.236455888
TEST2,TH2B1WJC208M,1.658382136
TEST2,TH2B1WJC208MM1,1.605605453
TEST2,TH2B1WJM302MP1,1.34762834
TEST2,TH2B1WOT313M,4.451404153
TEST2,TH2B1WOT320MP1,1.581894585
TEST2,TH2B1WPC523MP1,6.584066461
TEST2,TH2B1WPC652MP1,11.78520267
TEST2,TH2B3KCD026M,2.358535546
TEST2,TH2B3NJM316MM2,2.922163362
TEST2,TH2B3NPC673MP3,7.496299231
TEST2,TH2B3NPC677NP1,9.610225219
TEST2,TH2B3NPC683NP1,13.32327895
TEST2,SY2B5WSC742W,4.533323944
TEST2,SY2B5WSC743W,3.851718979
TEST2,SY2B5WSH071WM1,3.166946938
TEST2,SY2B5WSH073W,9.558631265
TEST2,SY2B5WSHJ01WM1,1.909185868
TEST2,SY2B7KCD803W,2.117740049
TEST2,SY2B7KDR952W,6.968209672
TEST2,SY2B7NPC304W,3.778104483
TEST2,SY2B7NPC305W,14.57771086
TEST2,SY2B7NSC503W,7.368628055
TEST2,SY2B7NVT081W,3.312814951
TEST2,SY2B7TTO701W,5.493017137
TEST2,SY2B7TTO702W,5.825989754
TEST2,SY2B7TTO702WM,1.569929721
TEST2,SY2B7TTO709W,2.410347485
TEST2,SY2B7WBL261W,1.774534607
TEST2,SY2B7WBL261WM,4.321028857
TEST2,SY2B7WBL263W,5.961966311
TEST2,SY2B7WBL263WM,7.702225185
TEST2,SY2B7WPC402W,17.57134412
TEST2,SY2B7WPC403W,5.859953225
TEST2,SY2B7WPC405W,8.119976632
TEST2,SY2B7WPC407W,1.587358067
TEST2,SY2B7WSC501W,12.32193368
TEST2,SY2B7WSC502W,9.503331208
TEST2,SY2B7WSC503W,15.94197914
TEST2,SY2B7WSS551W,19.31278076
TEST2,SY2B7WTO576W,6.125390812
TEST2,SY2B7WTO577W,2.972213802
TEST2,SY2B7WTO583W,2.320079443
TEST2,SY2B7WTO584W,6.290278641
TEST2,TM2B7KCD204WM1,1.598481364
TEST2,TM2B7KOP601W,5.758567237
TEST2,TM2B7KOP601WM1,8.080917934
TEST2,TM2B7KSC801W,14.50373917
TEST2,TM2B7KVT209W,2.720014191
TEST2,TM2B7NOT302W,1.901277299
TEST2,TM2B7NPC307W,13.0640476
TEST2,TM2B7NSC304W,14.19885185
TEST2,TM2B7WJC205W,1.511646175
TEST2,TM2B7WJCS01W,1.695988275
TEST2,TM2B7WOP202W,2.338784741
TEST2,TM2B7WOPS01W,7.578827108
TEST2,TM2B7WOT701W,1.03713143
TEST2,TM2B7WOT702W,2.212839663
TEST2,TM2B7WOT703W,2.947446319
TEST2,TM2B7WPCS02W,4.842059307
TEST2,TM2B7WSC506W,7.324749642
TEST2,TM2B8KCD222W,3.361395085
TEST2,TM2B8KCD222WM1,3.859672521
TEST2,TM2B8WJCS22W,1.753407168
TEST2,TM2B8WOT722W,1.051865287
TEST2,TN2B0WCT150W,5.568781412
TEST2,TN2B0WCT151W,2.718357211
TEST2,TN2B0WCT153W,3.733488105
TEST2,TN2B4KSCT02W,5.227454331
TEST2,TN2B4NOP425W,3.926889624
TEST2,TN2B4TDR429W,9.026120293
TEST2,TN2B4TSC733W,11.18154978
TEST2,TN2B4TSC733WP,7.039228583
TEST2,TN2B4WDR418W,6.615730191
TEST2,TN2B4WSC715W,16.47578477
TEST2,TH2B5KCD031M,2.1704657
TEST2,TH2B5NPC680M,16.74231623
TEST2,TH2B5NPC681M,9.636612958
TEST2,TH2B5NPC682N,6.789768063
TEST2,TH2B5NPC685M,1.003767997
TEST2,TH2B5TRN643N,6.331857544
TEST2,TH2B5TRN652N,7.898036322
TEST2,TH2B5TRN654MM1,6.471412488
TEST2,TH2B5TRN657M,6.863701687
TEST2,TH2B5TRN658N,3.216257041
TEST2,TH2B5TRN659N,1.75112345
TEST2,TH2B5TTN637MM1,3.037462316
TEST2,TH2B5TVN645MP1,5.824886815
TEST2,TH2B5WJC209M,1.144929366
TEST2,TH2B5WJC209MP1,1.84396076
TEST2,TH2B5WJM321M,2.869410774
TEST2,TH2B5WJM321MM1,2.150389954
TEST2,TH2B5WPC529M,10.84071255
TEST3,MW2B3WSC705W,9.826896391
TEST3,MW2B3WSH020E5A,2.854297658
TEST3,MW2B4WSC711W,7.375701829
TEST3,MW2B7KCD001EEE,2.8626325
TEST3,MW2B7KCD304W,3.922298562
TEST3,MW2B7NPC004E,6.663735367
TEST3,MW2B7NPC005E,15.81852569
TEST3,MW2B7NPC006E,12.27524348
TEST3,MW2B7TTO500W,6.194301525
TEST3,MW2B7WDR001E,2.711915335
TEST3,MW2B7WDR002E,5.436151984
TEST3,MW2B7WDR003E,1.407099118
TEST3,MW2B7WSC700W,19.98221758
TEST3,MW2B7WSH006E,7.28091305
TEST3,O22B0WCT601W,2.050318098
TEST3,O22B1WPC815W,16.16661555
TEST3,O22B4WPC832W,11.03122843
TEST3,O22B4WSC933W,14.91366755
TEST3,O22B5WOPW23W,3.31565912
TEST3,O22B5WPCW19W,6.907288968
TEST3,O22B5WSCW10W,18.08340939
TEST3,O22B5WSCW11W,12.76917406
TEST3,OB2B0QOT805W,2.29716094
TEST3,OB2B0ROT022W,1.194307248
TEST3,OB2B0WOT030W,1.822803462
TEST3,OB2B1WOT025W,4.700624269
TEST3,OB2B3WPC323WM3,10.17834053
TEST3,OB2B3WPS319WM1,13.53902954
TEST3,OB2B3WSC420W,9.488513384
TEST3,OB2B3WSC436W,3.479399269
TEST3,OB2B3WSC441W,2.738384799
TEST3,OB2B4WOP537W,7.145354516
TEST3,OB2B4WSC431W,1.85642895
TEST3,OB2B5WOP553W,5.311740763
TEST3,OB2B5WOP565W,5.528804234
TEST3,OB2B5WPC339WM1,6.139393212
TEST3,OB2B5WPC359W,14.63815441
TEST3,OB2B5WPC361W,4.603619528
TEST3,OB2B5WPC361WM1,5.398104804
TEST3,OB2B5WPC363W,14.01913232
TEST3,OB2B5WSC438W,11.34407065
TEST3,OB2B5WSC454W,2.20225991
TEST3,OB2B7KCD760W,1.406783477
TEST3,OB2B7LOT804W,1.025073332
TEST3,OB2B7NPC630W,7.20785893
TEST3,OB2B7WBL191W,5.915097653
TEST3,OB2B7WJC078W,1.962737719
TEST3,OB2B7WOP572W,3.461782666
TEST3,OB2B7WOT063W,2.314065277
TEST3,OB2B7WOT070W,2.834064874
TEST3,OB2B7WOT074W,1.86571449
TEST3,OB2B7WOT083W,2.998807067
TEST3,OB2B7WOT089W,2.684266303
TEST3,O22B5WSH391W,6.793194698
TEST3,SY2B3KSC486W,18.51670457
TEST3,SY2B3WJC408WM4,1.915206044
TEST3,SY2B3WOP980W,11.03006089
TEST3,SY2B4WPS882WM1,2.688396571
TEST3,SY2B4WSC734W,2.535650811
TEST3,SY2B5KSCJ95W,11.6822092
TEST3,SY2B5NOT508W,1.830794265
TEST3,SY2B5WJC471WM2,1.237545218
TEST3,SY2B5WJC471WM3,1.657252307
TEST3,SY2B5WOP951WM2,8.881686648
TEST3,SY2B5WOP996WM1,4.909540848
TEST3,SY2B5WOP999WM1,4.246311045
TEST3,SY2B5WOPJ53WM1,7.158645211
TEST3,SY2B5WOT571W,1.782923805
TEST3,SY2B5WPC847W,6.839333536
TEST3,SY2B5WPC847WM,16.2541363
TEST3,SY2B5WPCJ44W,4.356835871
TEST3,OB2B7WPC340W,3.969492412
TEST3,OB2B7WPC346W,8.322992015
TEST3,OB2B7WPC350W,14.72475207
TEST3,OB2B7WPC350WM1,8.758958469
TEST3,OB2B7WSC445W,6.112170018
TEST3,OB2B7WSC464W,19.60542902
TEST3,OB2B7WSC466N,3.346647654
TEST3,OB2B7WSC469W,11.7414773
TEST3,OB2B7WSC471W,1.154627707
TEST3,OB2B7WSC471WM1,11.86173135
TEST3,OB2B7WSC475W,10.47733918
TEST3,OB2B7WSH208W,2.811094507
TEST3,OB2B7WVT068W,1.348625766
TEST3,PL2B3TTO004W,7.229987364
TEST3,PL2B3WCT001W,4.49619525
TEST3,PL2B7KCD002W,2.046849285
TEST3,PL2B7TPC002W,4.547999489
TEST3,PL2B7WDR014W,3.25024681
TEST3,PL2B7WJM001W,2.213862084
TEST3,PL2B7WSC002W,17.15558257
TEST3,SH2B0KCD008M,2.060896058
TEST3,SH2B0NPC502MP1,6.01076582
TEST3,SH2B0WPC502MM2,1.465918122
TEST3,SH2B0WSH704MM,8.808327873
TEST3,SH2B1KCD007M,2.359092847
TEST3,SH2B1KCD012M,3.487831392
TEST3,SH2B1KVT029M,1.189623468
TEST3,SH2B1WCT402M,4.443938626
TEST3,SH2B1WCT402MM,2.405914473
TEST3,SH2B1WCT403M,2.832912553
TEST3,SH2B1WCT404M,2.606724783
TEST3,SH2B1WCT405M,4.121304399
TEST3,SH2B1WCT406M,4.799016543
TEST3,SH2B1WJC253MM,1.284291638
TEST3,SH2B1WOT312MM1,1.752465432
TEST3,SH2B1WPC553MM,14.48126844
TEST3,O22B5WVT781WM1,2.46424546
TEST3,O22B7NPC655W,5.879022559
TEST3,O22B7NSH653W,6.163202505
TEST3,O22B7TTO551W,3.309519813
TEST3,O22B7TTO552W,3.844430276
TEST3,O22B7TTO554W,7.304336515
TEST3,O22B7TTO555W,5.593059673
TEST3,O22B7WBL001W,6.978363742
TEST3,O22B7WOP134W,3.153882575
TEST3,O22B7WPC301W,2.422397156
TEST3,O22B7WPC303W,11.451856
TEST3,O22B7WSC402W,15.30935108
TEST3,O22B7WSC404W,13.55307242
TEST3,O22B7WTO101W,5.588214861
TEST3,O22B7WVT481W,1.388391112
TEST3,MU2B1WJC121WS8,6.565237993
TEST3,MU2B3LTO001W6O,3.077536259
TEST3,MU2B3NPC058W6O,5.440829019
TEST3,MU2B3NPC059W6O,15.42231099
TEST3,MU2B3TTO073MEC,5.104421899
TEST3,MU2B3TTO076MCL,6.655054457
TEST3,MU2B3TTO077MCL,3.727152105
TEST3,MU2B3TTO286W6O,1.525638753
TEST3,MU2B3TTO287W6O,1.029542897
TEST3,MU2B3TTO288W6O,5.066145042
TEST3,MU2B3TTO290W6O,1.875943815
TEST3,MU2B3WCT024W6O,1.965576472
TEST3,MU2B3WDR052W6O,10.12507171
TEST3,MU2B3WJC031MCL,1.307416197
TEST3,MU2B3WJC064W6O,1.963970174
TEST3,MU2B3WPC048MCL,13.13485569
TEST3,MU2B3WPC049MCL,2.233508196
TEST3,MU2B3WPC152W6O,4.874493375
TEST3,MU2B3WSC037W6O,16.78343603
TEST3,MU2B3WSC038W6O,13.18310434
TEST3,MU2B3WSH038MCL,8.122665267
TEST3,MU2B3WSH039MCL,3.701225537
TEST3,MU2B3WSH149W6O,9.782677377
TEST3,SJ2B5WPC996W,10.30678717
TEST3,SJ2B5WSC252WM1,1.921849819
TEST3,SJ2B7TTO631W,6.803609203
TEST3,SJ2B7WJC201W,1.056515032
TEST3,SJ2B7WPS361W,2.61467033
TEST3,SJ2B7WSC905W,18.61673704
TEST3,SJ2B7WSH501W,2.100323377
TEST3,SJ2B7WSH502W,8.939733502
TEST3,SJ2B7WTO451W,5.645291989
TEST3,SY2B0WOT533WM1,4.999089111
TEST3,SY2B0WOT534W,4.096698375
TEST3,SY2B0WOT534WM,3.84422429
TEST3,SY2B0WOT534WM1,5.731422149
TEST3,SY2B0WOT534WM2,3.938286402
TEST3,SY2B1WOT542WP,1.181278341
TEST3,CN2B7WSC707W,13.51606681
TEST3,CS2B1WDR018WHM,7.041584997
TEST3,CS2B1WSC012WNL,18.75956922
TEST3,CS2B3WCT001WEF,3.97759892
TEST3,HS2B3TTS002M73,1.417322223
TEST3,HS2B3WCT012MPA,3.912558341
TEST3,HS2B3WJC009MMO,1.028505073
TEST3,HS2B3WJC010MMO,1.320482258
TEST3,HS2B3WJC026MPA,1.622435933
TEST3,HS2B3WSH011M6G,8.452340808
TEST3,IL2B0QOT771WS,2.202619628
TEST3,IL2B0QOT774W,2.442300448
TEST3,IL2B0QOT775W,5.982320785
TEST3,IL2B0QOT776WS,5.511921169
TEST3,IL2B0WCT301W,1.336570623
TEST3,IL2B0WOT202W,5.83036892
TEST3,IL2B0WOT203W,6.72482124
TEST3,IL2B1WCT311WP,4.012936118
TEST3,IL2B1WCT313WM,1.926208551
TEST3,IL2B3WJC269WP,1.142299394
TEST3,IL2B3WPC533WM2,11.50157581
TEST3,IL2B4WJC276WP,1.89196435
TEST3,IL2B4WPC556WP,12.99232144
TEST3,CM2B1KCD033M,2.559883539
TEST3,CM2B1KOT032M,2.912472851
TEST3,CM2B1WOT243WP1,2.528866274
TEST3,CM2B3KCD034M,2.332808239
TEST3,CM2B3NPC578WM1,16.61017833
TEST3,CM2B3NPC578WM2,2.839387178
TEST3,CM2B3WSC556WM2,2.150751498
TEST3,CM2B3WSC558WP1,3.571419205
TEST3,CM2B4KCD237WP1,3.008509409
TEST3,CM2B4KSC142W,2.529205884
TEST3,CM2B4WOT281WP2,2.031474549
TEST3,CM2B4WSC570W,14.67695037
TEST3,CM2B5KOP315W,12.41141626
TEST3,CM2B5KOP318W,6.914126559
TEST3,CM2B5WPC608W,5.468620888
TEST3,CM2B5WPC608WP1,13.88710763
TEST3,CM2B7KOT252W,3.906495811
TEST3,CM2B7KPC551W,1.718895511
TEST3,CM2B7KPC908W,1.250354555
TEST3,CM2B7KSC906W,14.19171131
TEST3,CM2B7NOT219W,1.411113941
TEST3,CM2B7NPC515W,5.141573732
TEST3,CM2B7NPC515WM1,6.794266731
TEST3,CM2B7WOP402W,9.261843052
TEST3,CM2B7WOP404W,5.420193965
TEST3,CM2B7WOT220W,1.239577681
TEST3,CM2B7WOT232W,1.081409537
TEST3,CM2B7WOT232WP1,1.194769982
TEST3,CM2B7WOT236W,2.622093997
TEST3,CM2B7WPC507W,3.815407578
TEST3,CM2B7WPC518W,8.324967543
TEST3,CM2B7WPC550W,5.564692674
TEST3,CM2B7WSC534W,4.732966623
TEST3,CM2B7WSC536W,5.283096033
TEST3,CM2B7WTO303W,2.19770128
TEST3,CM2B7WTO308W,8.788481983
TEST3,CM2B7WTO308WM1,7.447632102
TEST3,CM2B8KOP922W,2.446180661
TEST3,CM2B8KOT921W,2.410056131
TEST3,CN2B0RCT150W,2.903620442
TEST3,CN2B0ROT201W,2.109547509
TEST3,CN2B0ROT209W,2.859791242
TEST3,CN2B0WOT202W,3.032056333
TEST3,CN2B0WOT202WM,3.36263617
TEST3,CN2B0WOT206W,5.846007809
TEST3,CN2B0WOT209W,3.174219143
TEST3,CN2B1WSC708N,6.591357098
TEST3,CN2B3KSC056W,4.066199791
TEST3,CN2B4WDR412W,4.004919938
TEST3,CN2B5WSC728W,14.72671922
TEST3,CN2B5WSC730W,16.29233562
TEST3,MN2B3NSC943WM1,9.294303259
TEST3,MN2B3NSC943WM3,8.588027086
TEST3,MN2B3NSC943WP,13.3016422
TEST3,MN2B3WPC045WP,11.29356312
TEST3,MN2B3WSC947W,8.076595932
TEST3,MN2B4WOP670WM1,9.78449567
TEST3,MN2B4WPC065WP,9.268135228
TEST3,MN2B4WSC964WM,17.06989381
TEST3,MN2B4WSH864WM,6.355970789
TEST3,MN2B5KSC081W,2.286904271
TEST3,MN2B5TTO281W,1.907626197
TEST3,MN2B5WPC081WM1,6.014443
TEST3,MN2B5WPC084W,5.831178044
TEST3,MN2B7KCD902W,2.932587156
TEST3,MN2B7KPC204W,14.88985275
TEST3,MN2B7KSC203W,11.57696329
TEST3,MN2B7KVT702W,3.492206811
TEST3,MN2B7WJC602W,1.206031652
TEST3,MN2B7WJC602WM,1.712906895
TEST3,MN2B7WOP801W,9.511715686
TEST3,MN2B7WPC302W,13.02342768
TEST3,MN2B7WPC303W,1.450078673
TEST3,MN2B7WTO506W,1.577268233
TEST3,MN2B7WTO509N,7.843400843
TEST3,MN2B7WTO510W,7.161908413
TEST3,MU2A7WCT082WJ9,5.970054792
TEST3,MU2A9NPC020MFE,11.26147235
TEST3,MU2B1NCT002W1N,4.973121042
TEST3,MU2B1NJC005W1N,1.942456964
TEST3,MU2B1NSC004W1N,6.112578373
TEST3,IL2B4WSH831WM,3.274759176
TEST3,IL2B4WSH831WP,2.598701429
TEST3,IL2B7WJC403W,1.143992118
TEST3,IL2B7WOT432W,2.713958718
TEST3,IL2B7WPC203W,4.582348093
TEST3,IL2B7WPC204W,1.983361905
TEST3,IL2B7WPC204WM,2.557989806
TEST3,IL2B7WSC154W,20.72310197
TEST3,IL2B7WSH542W,3.125608376
TEST3,IL2B7WSH544W,7.01722759
TEST3,LC2B0NOT304W,6.028184919
TEST3,LC2B0QJCC03W,4.938265523
TEST3,LC2B0QOT802W,3.203424552
TEST3,LC2B0QOTC09W,5.72873319
TEST3,LC2B0QOTC09WM1,4.336224067
TEST3,LC2B0WCT402W,1.730066883
TEST3,LC2B0WOT707W,4.781538281
TEST3,LC2B1WCT422W,4.007837516
TEST3,LC2B1WPC438WM4,11.89183043
TEST3,LC2B3WOT750W,4.599999912
TEST3,LC2B4NSC365W,1.568926395
TEST3,LC2B4WOP164WM1,2.280437884
TEST3,LC2B4WOP169WM2,1.871879503
TEST3,LC2B4WPC463W,6.464945033
TEST3,LC2B4WPC470W,2.571538513
TEST3,LC2B4WTO969WM1,3.302418038
TEST3,LC2B5WSC585W,3.267341672
TEST3,LC2B5WSC587WM1,1.983246512
TEST3,LC2B5WSS581W,13.37648977
TEST3,LC2B7KCD108W,3.962792011
TEST3,LC2B7WBL105W,4.362900288
TEST3,LC2B7WJC401W,1.161974267
TEST3,LC2B7WOP206W,8.84345329
TEST3,LC2B7WOP208W,8.329987293
TEST3,LC2B7WOP209W,3.414677372
TEST3,LC2B7WOP210W,1.606047703
TEST3,LC2B7WOT801W,1.640692135
TEST3,LC2B7WOT803W,2.145816652
TEST3,LC2B7WOT803WM1,2.019948695
TEST3,LC2B7WOT805W,2.954208221
TEST3,LC2B7WPC502W,10.73200332
TEST3,LC2B7WPC503W,9.764250681
TEST3,LC2B7WPC506W,3.653144537
TEST3,LC2B7WSC609W,14.1135879
TEST3,LC2B7WTO209W,4.600396427
TEST3,LV2B1KCD002W,3.540985076
TEST3,LV2B3WDR005W,3.308486923
TEST3,LV2B3WTO007W,3.138341689
TEST3,MM2B0WCT094M,3.897069337
TEST3,MM2B1KCD003M,2.976962976
TEST3,MM2B1KCD032H3A,2.559005591
TEST3,MM2B1WCT021H2A,4.132578533
TEST3,MM2B1WCT022H2A,3.075494601
TEST3,MM2B1WCT090MM,4.359981029
TEST3,MM2B1WCT091M,2.316403471
TEST3,MM2B1WCT093M,4.655733441
TEST3,MM2B1WCT096M,4.935402239
TEST3,MM2B1WCT097N,3.527700113
TEST3,MM2B1WOT035H3A,2.349660461
TEST3,MM2B1WPC504MP,21.13175842
TEST3,MM2B1WPC505MM,16.77675111
TEST3,MM2B1WPC506MM,2.548646487
TEST3,MM2B1WSH703MM,5.550230731
TEST3,MM2B3KCD005M,3.827759086
TEST3,MM2B3KCD020H5A,1.030904542
TEST3,MM2B3NPC026H5E,2.818431385
TEST3,MM2B3WOT038H5A,1.42746229
TEST3,MM2B3WOT304MM,1.928964673
TEST3,MM2B3WOT304MM1,1.634639415
TEST3,MM2B3WOT306M,1.859934593
TEST3,MM2B3WOT306MM,1.90380775
TEST3,MM2B3WOT306MP,1.012603624
TEST3,MM2B3WPC011H6H,7.239742219
TEST3,MM2B3WPC017H6E,4.384288842
TEST3,MM2B3WPC038H5A,1.0733271
TEST3,MM2B3WPC508MM,16.26124414
TEST3,MM2B3WPQ024H5A,16.69798483
TEST3,MM2B3WPQ036H5A,1.073835894
TEST3,MM2B3WPQ045H5E,16.06881034
TEST3,MM2B3WPQ060H5H,4.677865068
TEST3,MM2B3WPQ061H5H,8.149184363
TEST3,MM2B3WPQ061H6H,10.06115768
TEST3,MM2B3WPQ062H5H,7.485449626
TEST3,MM2B3WPQ064H6H,16.98585097
TEST3,MM2B4WJC200M,1.183802606
TEST3,MM2B7KCD001M,1.478563977
TEST3,MM2B7NPC023H8A,12.65696469
TEST3,MM2B7TTO035H7E,1.272800323
TEST3,MM2B7TTO600M,5.915957878
TEST3,MM2B7TTO600MM,7.133401462
TEST3,MM2B7TTO600MM1,7.549082305
TEST3,MM2B7WPC500M,17.24992771
TEST3,MM2B7WPC500MM,15.53426155
TEST3,MM2B7WPC502M,13.88404937
TEST3,MM2B7WSH701M,2.276594288
TEST3,MN2B0WCT201W,2.466060137
TEST3,MN2B0WOT503W,2.869382199
TEST3,MN2B3KSC043W,9.762747897
TEST3,MU2B3WSH150W6O,1.089697022
TEST3,MW2B0RCT200W,3.238238756
TEST3,MW2B0RCT201W,1.893889086
TEST3,MW2B0RCT201WM,4.277163604
TEST3,MW2B1WCG001E3A,2.401479091
TEST3,MW2B3KSC015E6A,2.683193734
TEST3,MW2B3WDR012E4A,3.735039645
TEST3,MW2B3WDR014E4A,6.475736273
TEST3,MW2B3WDR018E5A,4.803390904
TEST3,MW2B3WSC010E4A,20.6436931
TEST3,TM2B4KSC464W,13.2107958
TEST3,TM2B4WSH562WP2,9.092123746
TEST3,TM2B4WSH562WP6,7.452096729
TEST3,TM2B5KOT183WM1,1.066210867
TEST3,TM2B5KSCB84W,12.32961194
TEST3,TM2B5KSCB84WM1,13.71035546
TEST3,TM2B5KSCB84WM2,6.905096447
TEST3,TM2B5KSCB84WP1,8.887741849
TEST3,TM2B5WOP981WP4,6.016045965
TEST3,TM2B5WOP982W,4.174070545
TEST3,TM2B5WOP982WP1,6.546954354
TEST3,TM2B5WOP982WP2,4.145182842
TEST3,TM2B5WOP987W,11.09120667
TEST3,TM2B5WOP991WP2,11.85817627
TEST3,TM2B5WOPS92WM3,2.029587392
TEST3,TM2B5WPC884W,4.152498049
TEST3,TM2B7KCD201W,1.445039871
TEST3,YS2B3NSC001WAC,12.48555167
TEST3,YS2B3NSC004WBS,8.742358293
TEST3,YS2B3NSC005W24,15.70080082
TEST3,YS2B3NSC006W24,16.02642324
TEST3,YS2B3TDR005W23,9.135124025
TEST3,YS2B3WDR011WSS,2.749740706
TEST3,YS2B3WDR018WDN,10.17744412
TEST3,YS2B3WPC012WAB,8.375686941
TEST3,YS2B3WSC011WRS,5.797103623
TEST3,YS2B7KCD006WTB,3.344157184
TEST3,YS2B7NJC006WTB,1.986008406
TEST3,YS2B7NJC007WBS,1.727003466
TEST3,YS2B7NPC401WFE,11.68706347
TEST3,YS2B7NPC509WFE,12.28628661
TEST3,YS2B7NPC702WFE,4.865282024
TEST3,YS2B7TPC011NPA,1.02833239
TEST3,YS2B7TTO058NPA,3.308936775
TEST3,YS2B7TTO059NPA,4.29822586
TEST3,YS2B7WJM005WTB,1.77623067
TEST3,YS2B9NPC035W4D,14.70802465
TEST3,YS2B9NPC647W4D,12.29953785
TEST3,YS2B9NPC648W4D,1.439488123
TEST3,YS2B9NPC649W4D,1.120267933
TEST3,YS2B9NPC651W4D,7.884150719
TEST3,YS2B9NPC710W4D,1.393154095
TEST3,SJ2B7KTO703W_BK,2.986115745
TEST3,SY2B7KTO854W_GK,5.302474379
TEST3,SJ2B7KTO702W_BK,10.7881414
TEST3,LC2B4KTO963WP1_RT,7.087163736
TEST3,LV2B3KTO001W_PK,7.577184001
TEST3,SJ2B7KTO705W_BD,9.279235314
TEST3,MU2B3KTO022MCL_GN,9.597965235
TEST3,PL2B7KTO007W_LA,5.38951262
TEST3,PL2B7KTO004W_NY,4.343573378
TEST3,SY2B5KTO664WM1_MN,2.121687206
TEST3,MN2B5KTO481WP_BK,7.312425782
TEST3,MN2B3KTO444WM1_CR,7.283984775
TEST3,OB2B7KTO770W_PK,7.169212057
TEST3,CM2B8KTO917W_RP,9.576768994
TEST3,CM2B7KTO343W_KG,8.140394958
TEST3,SY2B7KTO853W_KB,10.91345708
TEST3,TM2B8KTO422W_VA,7.678376458
TEST3,IL2B7KTO005WP_LP,3.436757634
TEST3,IL2B7KTO004W_BK,9.915299727
TEST3,TM2B8KTOS21W_BK,6.763739345
TEST3,LC2B7KTO107W_IV,8.408659113
TEST3,LC2B7KTO105W_CR,1.052784928
TEST3,LC2B7KTO103W_LE,8.933936633
TEST3,LC2B7KTO102W_BL,9.947025738
TEST3,TN2B4WSC724W,16.16449262
TEST3,TN2B4WSC725W,15.11010958
TEST3,TN2B4WSCT08W,8.292938957
TEST3,TN2B4WSCT09W,11.09147394
TEST3,TN2B5WDR436W,6.38827586
TEST3,TN2B5WDR438W,10.77476731
TEST3,TN2B5WPC827W,7.72592482
TEST3,TN2B5WPC830W,8.272453029
TEST3,TN2B5WSCG23N,5.13069827
TEST3,TN2B5WSHG20NM,6.296010216
TEST3,TN2B7WDRG01N,4.108321982
TEST3,TN2B7WDRG01NM,11.23960328
TEST3,TN2B7WDRG01NM1,12.20594111
TEST3,TN2B7WDRG01NM2,4.437672469
TEST3,TN2B7WDRG01NP,7.122595096
TEST3,YN2B0NOT201W,4.416296325
TEST3,YN2B0WCT150W,3.630024246
TEST3,YN2B1WOT213W,1.687656803
TEST3,YN2B3TTO612NM1,1.738284645
TEST3,YN2B3WSC727W,7.005870585
TEST3,YN2B5KCD934W,1.082511361
TEST3,YN2B5WDR425W,3.592404906
TEST3,YN2B7KVT918W,2.028305486
TEST3,YN2B7TSC751W,2.841028732
TEST3,YN2B7WPC804W,5.74989367
TEST3,YN2B7WPC817W,2.941313672
TEST3,YS2B1QJC001WSD,1.225936835
TEST3,YS2B1WDR018WFA,4.005915247
TEST3,YS2B1WSC006WOT,2.506045112
TEST3,YS2B1WSC007WOT,4.616666251
TEST4,CN2B7NPC855W,7.073783623
TEST4,CN2B7NPC855WM,15.83417563
TEST4,CN2B7NPC856W,16.9481967
TEST4,CN2B7TTO602W,1.631115985
TEST4,CN2B7WJM250W,2.17752607
TEST4,CN2B7WPC800W,9.183507921
TEST4,CN2B7WPC800WP,11.12243928
TEST4,CN2B7WSC707W,11.02558617
TEST4,CS2B1WDR018WHM,10.83228317
TEST4,CS2B1WSC012WNL,11.0851955
TEST4,CS2B3WCT001WEF,1.988691341
TEST4,HS2B3TTS002M73,2.982537933
TEST4,HS2B3WCT012MPA,3.117500032
TEST4,HS2B3WJC009MMO,1.790388611
TEST4,HS2B3WJC010MMO,1.521575474
TEST4,HS2B3WJC026MPA,1.098750524
TEST4,HS2B3WSH011M6G,8.954423362
TEST4,IL2B0QOT771WS,3.384549623
TEST4,IL2B0QOT774W,2.540728466
TEST4,IL2B0QOT775W,1.796751201
TEST4,IL2B0QOT776WS,1.974537628
TEST4,IL2B0WCT301W,2.404400221
TEST4,IL2B0WOT202W,5.511337822
TEST4,IL2B0WOT203W,2.925696481
TEST4,IL2B1WCT311WP,1.718937752
TEST4,IL2B1WCT313WM,3.981604901
TEST4,IL2B3WJC269WP,1.868439127
TEST4,IL2B3WPC533WM2,12.75492253
TEST4,IL2B4WJC276WP,1.846053027
TEST4,IL2B4WPC556WP,7.438320971
TEST4,CM2B1KCD033M,2.167640923
TEST4,CM2B1KOT032M,3.345696086
TEST4,CM2B1WOT243WP1,3.995949318
TEST4,CM2B3KCD034M,2.06441089
TEST4,CM2B3NPC578WM1,4.114994964
TEST4,CM2B3NPC578WM2,10.41508226
TEST4,CM2B3WSC556WM2,8.676715064
TEST4,CM2B3WSC558WP1,15.34524236
TEST4,CM2B4KCD237WP1,3.772811734
TEST4,CM2B4KSC142W,18.16951975
TEST4,CM2B4WOT281WP2,2.704504737
TEST4,CM2B4WSC570W,8.372702706
TEST4,CM2B5KOP315W,12.04776957
TEST4,CM2B5KOP318W,2.034490523
TEST4,CM2B5WPC608W,7.63908698
TEST4,CM2B5WPC608WP1,3.74911438
TEST4,CM2B7KOT252W,1.471915606
TEST4,CM2B7KPC551W,11.03197102
TEST4,CM2B7KPC908W,14.11353553
TEST4,CM2B7KSC906W,1.675957173
TEST4,CM2B7NOT219W,1.647764993
TEST4,CM2B7NPC515W,14.33684973
TEST4,CM2B7NPC515WM1,9.419902893
TEST4,CM2B7WOP402W,12.00058189
TEST4,CM2B7WOP404W,9.704853782
TEST4,CM2B7WOT220W,2.848028936
TEST4,CM2B7WOT232W,1.146450449
TEST4,CM2B7WOT232WP1,1.564312384
TEST4,CM2B7WOT236W,1.862021233
TEST4,CM2B7WPC507W,12.35335061
TEST4,CM2B7WPC518W,6.143925262
TEST4,CM2B7WPC550W,2.639139152
TEST4,CM2B7WSC534W,19.05340077
TEST3,SH2B1WPC553MM1,22.37945
TEST3,SH2B1WSH701MM1,7.751816446
TEST3,SH2B3KCD015M,3.465043431
TEST3,SH2B3KCD020M,1.59108415
TEST3,SH2B3KCD021M,2.764229229
TEST3,SH2B3KCD028M,2.357733788
TEST3,SH2B3TRN621MM3,4.158558144
TEST3,SH2B3WJC255MM,1.988054022
TEST3,SH2B3WJM316M,2.399096498
TEST3,SH2B4KCD031M,1.077615469
TEST3,SH2B4NPC549M,6.099104114
TEST3,SH2B4NPC550M,5.812213557
TEST3,SH2B4NPC550MM,8.727017844
TEST3,SH2B4NPC550MP1,3.141264736
TEST3,SH2B4WJC257M,1.288330442
TEST3,SH2B4WJM325M,1.957870657
TEST3,SH2B4WPC516MM,6.672836234
TEST3,SH2B4WPC516MM1,22.73596056
TEST3,SH2B4WPC525MM1,5.732160619
TEST3,SH2B4WPC531MM,15.70188992
TEST3,SH2B4WPC572M,20.62218331
TEST3,SH2B4WSH718MM1,1.298226825
TEST3,SH2B5NPC568M,14.41955092
TEST3,SH2B5NPC569M,7.686341336
TEST3,SH2B5TRN652MM1,7.360798394
TEST3,SH2B5TRN668M,2.780312854
TEST3,SH2B5TRN668MM,1.413104437
TEST3,SH2B5TRN669MM,2.900868988
TEST3,SH2B5WJM327M,1.257264332
TEST3,SH2B5WPC502MP,6.292571675
TEST3,SH2B5WSH728M,1.334802284
TEST3,SH2B5WVT324M,3.580189622
TEST3,SH2B7NPC503M,10.21123548
TEST3,SH2B7NPC508M,7.39743058
TEST3,SH2B7NPC515M,1.601339829
TEST3,SH2B7TRN608M,7.245157865
TEST3,SH2B7TRN613M,3.18430869
TEST3,SH2B7TTN601M,3.01594989
TEST3,SH2B7WJM311M,1.719389894
TEST3,SH2B7WPC502M,19.72094238
TEST3,SH2B7WPC502MM,1.272990223
TEST3,SH2B7WPC510M,6.102154742
TEST3,SH2B7WSH706M,8.814650404
TEST3,SH2B7WTO605M,9.023974757
TEST3,SH2B8WJC251M,1.354569523
TEST3,SH2B8WPC551M,18.98455233
TEST3,SJ2B0WOT602W,4.493813426
TEST3,SJ2B1WJM397WM,2.776400903
TEST3,SJ2B1WOT615W,4.198223015
TEST3,SJ2B1WOT615WM,3.092239174
TEST3,SJ2B4WOP755W,3.068432263
TEST3,SJ2B4WOP759WM,11.6049996
TEST3,SJ2B4WPC986WM,15.68101137
TEST3,SJ2B4WSH849WM,2.35373741
TEST3,SJ2B5WOP771W,6.402911385
TEST3,SJ2B5WOP774W,6.444155043
TEST3,SJ2B5WOP782W,8.646747131
TEST3,SJ2B5WOP783WM1,10.87099048
TEST3,SJ2B5WOP784W,8.387301037
TEST3,SJ2B5WOP784WM,5.84435514
TEST3,SJ2B5WOP788W,3.503644246
TEST3,SY2B7WTO585W,5.529444846
TEST3,TG2B1QJM001WST,3.69069207
TEST3,TG2B1WCT006MDU,1.247852883
TEST3,TG2B1WJC043MAA,1.851916218
TEST3,TG2B1WOT002M29,6.268202843
TEST3,TG2B1WPC078M29,17.85161111
TEST3,TG2B3KTO027MAA,2.680321114
TEST3,TG2B3TPC011NDU,13.58037664
TEST3,TG2B3WPC043MAA,17.50609529
TEST3,TG2B3WPC045NHC,12.02683362
TEST3,TG2B7TDR003WC6,8.617135627
TEST3,TG2B7TTS046WGX,2.761507755
TEST3,TG2B7TTS047WGX,4.7695256
TEST3,TG2B7WSC006WB1,1.74752389
TEST3,TG2B7WSH024WJF,8.77271303
TEST3,TH2B0WPC522MP1,1.172168149
TEST3,TH2B1KVT017M,2.377698055
TEST3,TH2B1NPC670MP2,11.5507289
TEST3,TH2B1NPC670MP4,7.038624105
TEST3,TH2B1NPC673NP1,8.50695633
TEST3,TH2B1WCT400M,1.072402847
TEST3,TH2B1WCT400MP1,3.418750528
TEST3,TH2B1WCT404M,2.348683414
TEST3,TH2B1WCT404MM1,3.619433057
TEST3,TH2B3TPC593N,2.75696908
TEST3,TH2B3TRN628M,7.615698511
TEST3,TH2B3TRN628MM1,4.055711733
TEST3,TH2B3WCT403M,4.857203023
TEST3,TH2B3WCT403MM1,1.375848471
TEST3,TH2B3WJC051MP1,1.536657151
TEST3,TH2B3WJC206MM1,1.569167294
TEST3,TH2B3WJM304MP1,1.257809832
TEST3,TH2B3WJM304MP2,2.977260741
TEST3,TH2B3WPC525MM1,13.29133998
TEST3,TH2B3WPC527MM1,5.975330448
TEST3,TH2B3WPC527MM2,11.37973463
TEST3,TH2B3WPC528M,9.471742519
TEST3,TH2B3WPC651MP1,1.38547617
TEST3,TH2B4NPC678M,11.91839405
TEST3,TH2B4WJC053M,1.387546156
TEST3,TH2B4WJC054M,1.135177753
TEST3,TH2B4WJC055M,1.80071172
TEST3,TH2B4WJC056M,1.081525498
TEST3,TH2B4WJC057M,1.359420474
TEST3,TH2B4WJC210M,1.238149717
TEST3,TH2B4WJM317MM1,1.326236156
TEST3,TH2B4WOT314MM1,2.82732621
TEST3,TH2B4WOT314MP1,1.200067826
TEST3,TH2B4WPC581MP1,20.67666777
TEST3,TH2B4WPC653MP2,23.66633852
TEST3,TH2B4WPC656MM1,4.013430512
TEST3,TH2B4WSH712MP2,7.851322426
TEST3,TH2B4WSH723MP1,7.831999193
TEST3,TH2B1WCT406N,2.971980968
TEST3,TH2B1WJC202M,1.71751768
TEST3,TH2B1WJC202MM1,1.011087019
TEST3,TH2B1WJC208M,1.852976586
TEST3,TH2B1WJC208MM1,1.65615496
TEST3,TH2B1WJM302MP1,1.064717513
TEST3,TH2B1WOT313M,1.723095315
TEST3,TH2B1WOT320MP1,2.882151597
TEST3,TH2B1WPC523MP1,17.22402174
TEST3,TH2B1WPC652MP1,15.94020249
TEST3,TH2B3KCD026M,1.949802792
TEST3,TH2B3NJM316MM2,2.010819188
TEST3,TH2B3NPC673MP3,8.562853798
TEST3,TH2B3NPC677NP1,5.970336318
TEST3,TH2B3NPC683NP1,14.50685173
TEST3,SY2B5WSC742W,11.10979899
TEST3,SY2B5WSC743W,17.23946057
TEST3,SY2B5WSH071WM1,4.759706184
TEST3,SY2B5WSH073W,7.31158134
TEST3,SY2B5WSHJ01WM1,4.702242702
TEST3,SY2B7KCD803W,2.120081825
TEST3,SY2B7KDR952W,13.2009451
TEST3,SY2B7NPC304W,13.16272995
TEST3,SY2B7NPC305W,1.114848529
TEST3,SY2B7NSC503W,9.451417702
TEST3,SY2B7NVT081W,3.300510849
TEST3,SY2B7TTO701W,5.273479117
TEST3,SY2B7TTO702W,4.651872244
TEST3,SY2B7TTO702WM,7.238033355
TEST3,SY2B7TTO709W,7.818995932
TEST3,SY2B7WBL261W,8.490297642
TEST3,SY2B7WBL261WM,1.196616975
TEST3,SY2B7WBL263W,4.708879381
TEST3,SY2B7WBL263WM,8.20823857
TEST3,SY2B7WPC402W,5.825632689
TEST3,SY2B7WPC403W,14.10421062
TEST3,SY2B7WPC405W,11.9635219
TEST3,SY2B7WPC407W,13.22016374
TEST3,SY2B7WSC501W,15.3388827
TEST3,SY2B7WSC502W,3.026785166
TEST3,SY2B7WSC503W,3.443086735
TEST3,SY2B7WSS551W,5.24335166
TEST3,SY2B7WTO576W,5.751621143
TEST3,SY2B7WTO577W,7.809605637
TEST3,SY2B7WTO583W,2.08492922
TEST3,SY2B7WTO584W,8.994924691
TEST3,TM2B7KCD204WM1,2.864090596
TEST3,TM2B7KOP601W,5.640042087
TEST3,TM2B7KOP601WM1,10.15968592
TEST3,TM2B7KSC801W,16.31431306
TEST3,TM2B7KVT209W,3.138067984
TEST3,TM2B7NOT302W,1.21361498
TEST3,TM2B7NPC307W,12.59002572
TEST3,TM2B7NSC304W,9.003906038
TEST3,TM2B7WJC205W,1.59939757
TEST3,TM2B7WJCS01W,1.696296078
TEST3,TM2B7WOP202W,9.850526873
TEST3,TM2B7WOPS01W,13.11729145
TEST3,TM2B7WOT701W,2.267657301
TEST3,TM2B7WOT702W,2.892039447
TEST3,TM2B7WOT703W,1.620806122
TEST3,TM2B7WPCS02W,15.19306259
TEST3,TM2B7WSC506W,15.3788372
TEST3,TM2B8KCD222W,3.001791793
TEST3,TM2B8KCD222WM1,1.2703245
TEST3,TM2B8WJCS22W,1.686752851
TEST3,TM2B8WOT722W,1.950133223
TEST3,TN2B0WCT150W,2.521527247
TEST3,TN2B0WCT151W,5.862017789
TEST3,TN2B0WCT153W,3.404834615
TEST3,TN2B4KSCT02W,9.511861233
TEST3,TN2B4NOP425W,9.35155913
TEST3,TN2B4TDR429W,10.82175956
TEST3,TN2B4TSC733W,19.69552586
TEST3,TN2B4TSC733WP,2.480095509
TEST3,TN2B4WDR418W,9.985319331
TEST3,TN2B4WSC715W,11.39025606
TEST3,TH2B5KCD031M,2.211800456
TEST3,TH2B5NPC680M,1.268301092
TEST3,TH2B5NPC681M,14.77606845
TEST3,TH2B5NPC682N,9.903821795
TEST3,TH2B5NPC685M,9.267818104
TEST3,TH2B5TRN643N,3.901664557
TEST3,TH2B5TRN652N,3.976760847
TEST3,TH2B5TRN654MM1,6.882901133
TEST3,TH2B5TRN657M,5.888840224
TEST3,TH2B5TRN658N,7.384934443
TEST3,TH2B5TRN659N,6.081355293
TEST3,TH2B5TTN637MM1,4.77243336
TEST3,TH2B5TVN645MP1,4.824292653
TEST3,TH2B5WJC209M,1.471286141
TEST3,TH2B5WJC209MP1,1.094634031
TEST3,TH2B5WJM321M,2.002557165
TEST3,TH2B5WJM321MM1,2.709864819
TEST3,TH2B5WPC529M,6.850629014
TEST3,TH2B5WPC529MM1,5.559005612
TEST3,TH2B5WPC529MM2,16.79242163
TEST3,TH2B5WPC583M,13.84301824
TEST3,TH2B5WPC583MM1,13.32661229
TEST3,TH2B5WPC584M,8.860967535
TEST3,TH2B5WPC584MM1,6.44987311
TEST3,TH2B5WPC584MP2,12.35872264
TEST3,TH2B5WPC586M,17.94116767
TEST3,TH2B5WPC586MP1,9.771949225
TEST3,TH2B5WPC588M,2.82351302
TEST3,TH2B5WPC589M,2.299415876
TEST3,TH2B5WPC590M,11.77995024
TEST3,TH2B5WPC594M,2.558658944
TEST3,TH2B5WPC594MM1,13.33265027
TEST3,TH2B5WPC595N,14.12492026
TEST3,TH2B5WPC597N,3.631729936
TEST3,TH2B5WPC598N,10.53342717
TEST3,TH2B5WSH720N,7.548560309
TEST3,TH2B5WSH722MM1,4.933533171
TEST3,TH2B5WSH725M,8.22990901
TEST3,TH2B5WSH727M,4.288771316
TEST3,TH2B5WSH728M,9.956583944
TEST3,TH2B7NPC684M,16.16654864
TEST3,TH2B7NPC684MP1,14.70221142
TEST3,TH2B7TTN604MM1,2.564090533
TEST3,TH2B7TVT601M,1.828123982
TEST3,TH2B7WJC201M,1.905019346
TEST3,TH2B7WJM301M,1.817721012
TEST3,TH2B7WPC570M,1.470508365
TEST3,TH2B7WPC571M,1.55304408
TEST3,TH2B7WPC573M,1.921126004
TEST3,TH2B7WPC592M,7.129303731
TEST3,TH2B7WSH700M,2.83994936
TEST3,TH2B7WSH703M,9.801420434
TEST3,TH2B7WSH704M,9.013091407
TEST3,TH2B7WSH721M,4.740556062
TEST3,TH2B7WSH724M,7.846571134
TEST3,TH2B7WSH724MM1,6.98095832
TEST3,TH2B8KCD009M,1.196469619
TEST3,TH2B8WPC574M,15.3548064
TEST3,TH2B8WSH707M,1.915561508
TEST3,TM2B0WCT401W,5.392404628
TEST3,TM2B1WCT422WP1,4.485784498
TEST3,TM2B1WCT422WP5,2.710870202
TEST3,TM2B1WOT323WP2,4.232200946
TEST3,TM2B1WPC825WP5,15.42419185
TEST3,TM2B3WCT441WP1,2.812828659
TEST3,TM2B3WCT441WP2,1.551750205
TEST3,TM2B3WCT441WP3,3.076966846
TEST3,TM2B3WCT441WP4,3.067789546
TEST3,TM2B3WCT442W,3.613566233
TEST3,TM2B3WCT442WP1,3.000110203
TEST3,TM2B3WPCS42W,11.29641632
TEST3,TM2B3WPCS42WP4,14.91661322
TEST3,TM2B3WPCS42WP5,9.58154874
TEST3,TM2B3WSC645WP1,15.28017217
TEST4,O22B7TTO552W,5.007811242
TEST4,O22B7TTO554W,5.724544982
TEST4,O22B7TTO555W,2.743260843
TEST4,O22B7WBL001W,7.325995913
TEST4,O22B7WOP134W,9.615529775
TEST4,O22B7WPC301W,7.350059492
TEST4,O22B7WPC303W,11.50902358
TEST4,O22B7WSC402W,20.73217791
TEST4,O22B7WSC404W,17.6902153
TEST4,O22B7WTO101W,3.717120995
TEST4,O22B7WVT481W,2.219064345
TEST4,MU2B1WJC121WS8,1.888403568
TEST4,MU2B3LTO001W6O,4.910857807
TEST4,MU2B3NPC058W6O,9.110167315
TEST4,MU2B3NPC059W6O,2.356842285
TEST4,MU2B3TTO073MEC,1.190942984
TEST4,MU2B3TTO076MCL,3.31187138
TEST4,MU2B3TTO077MCL,2.647602032
TEST4,MU2B3TTO286W6O,2.602617334
TEST4,MU2B3TTO287W6O,4.934649595
TEST4,MU2B3TTO288W6O,5.973867994
TEST4,MU2B3TTO290W6O,5.726954995
TEST4,MU2B3WCT024W6O,2.033351269
TEST4,MU2B3WDR052W6O,5.397973548
TEST4,MU2B3WJC031MCL,1.038363521
TEST4,MU2B3WJC064W6O,1.258556302
TEST4,MU2B3WPC048MCL,17.92775101
TEST4,MU2B3WPC049MCL,2.047199278
TEST4,MU2B3WPC152W6O,10.69448594
TEST4,MU2B3WSC037W6O,13.22277344
TEST4,MU2B3WSC038W6O,14.71891231
TEST4,MU2B3WSH038MCL,3.064509364
TEST4,MU2B3WSH039MCL,6.850612901
TEST4,MU2B3WSH149W6O,4.604458782
TEST4,SJ2B5WPC996W,8.776707456
TEST4,SJ2B5WSC252WM1,18.23045345
TEST4,SJ2B7TTO631W,6.798418337
TEST4,SJ2B7WJC201W,1.225446331
TEST4,SJ2B7WPS361W,12.50145215
TEST4,SJ2B7WSC905W,9.445023874
TEST4,SJ2B7WSH501W,1.280077366
TEST4,SJ2B7WSH502W,7.809609727
TEST4,SJ2B7WTO451W,4.676058283
TEST4,SY2B0WOT533WM1,2.114844491
TEST4,SY2B0WOT534W,6.800330897
TEST4,SY2B0WOT534WM,1.199758742
TEST4,SY2B0WOT534WM1,2.230423866
TEST4,SY2B0WOT534WM2,5.065599503
TEST4,SY2B1WOT542WP,4.278506008
TEST4,SY2B3KSC486W,6.54789744
TEST4,SY2B3WJC408WM4,1.006214277
TEST4,SY2B3WOP980W,5.560814722
TEST4,SY2B4WPS882WM1,7.60301315
TEST4,SH2B3KCD021M,3.753479006
TEST4,SH2B3KCD028M,3.154801763
TEST4,SH2B3TRN621MM3,6.503893771
TEST4,SH2B3WJC255MM,1.128636847
TEST4,SH2B3WJM316M,2.05070485
TEST4,SH2B4KCD031M,2.515902433
TEST4,SH2B4NPC549M,13.78858077
TEST4,SH2B4NPC550M,16.58557303
TEST4,SH2B4NPC550MM,14.92864277
TEST4,SH2B4NPC550MP1,15.73357021
TEST4,SH2B4WJC257M,1.598880776
TEST4,SH2B4WJM325M,2.721106537
TEST4,SH2B4WPC516MM,9.488130792
TEST4,SH2B4WPC516MM1,3.134191154
TEST4,SH2B4WPC525MM1,22.84573123
TEST4,SH2B4WPC531MM,3.115555501
TEST4,SH2B4WPC572M,19.10117591
TEST4,SH2B4WSH718MM1,4.862599112
TEST4,SH2B5NPC568M,5.269882614
TEST4,SH2B5NPC569M,8.362973463
TEST4,SH2B5TRN652MM1,4.688794887
TEST4,SH2B5TRN668M,6.554179512
TEST4,SH2B5TRN668MM,3.842096867
TEST4,SH2B5TRN669MM,1.114475921
TEST4,SH2B5WJM327M,1.60733015
TEST4,SH2B5WPC502MP,7.262722729
TEST4,SH2B5WSH728M,5.717260086
TEST4,SH2B5WVT324M,1.385615213
TEST4,SH2B7NPC503M,1.089816705
TEST4,SH2B7NPC508M,10.27695625
TEST4,SH2B7NPC515M,8.579161465
TEST4,SH2B7TRN608M,1.756152702
TEST4,SH2B7TRN613M,1.312663159
TEST4,SH2B7TTN601M,5.456509029
TEST4,SH2B7WJM311M,2.92851936
TEST4,SH2B7WPC502M,18.38663673
TEST4,SH2B7WPC502MM,22.16254881
TEST4,SH2B7WPC510M,13.20221943
TEST4,SH2B7WSH706M,9.478751019
TEST4,SH2B7WTO605M,9.584091822
TEST4,SH2B8WJC251M,1.24052889
TEST4,SH2B8WPC551M,2.641512224
TEST4,SJ2B0WOT602W,6.352566226
TEST4,SJ2B1WJM397WM,1.515753383
TEST4,SJ2B1WOT615W,1.512879737
TEST4,SJ2B1WOT615WM,3.480233712
TEST4,SJ2B4WOP755W,5.261826588
TEST4,SJ2B4WOP759WM,6.628937335
TEST4,SJ2B4WPC986WM,3.79311999
TEST4,SJ2B4WSH849WM,9.168350463
TEST4,SJ2B5WOP771W,9.606852682
TEST4,SJ2B5WOP774W,11.08822713
TEST4,SJ2B5WOP782W,9.386070901
TEST4,SY2B4WSC734W,10.36770235
TEST4,SY2B5KSCJ95W,19.30879368
TEST4,SY2B5NOT508W,1.535051326
TEST4,SY2B5WJC471WM2,1.083048068
TEST4,SY2B5WJC471WM3,1.137698263
TEST4,SY2B5WOP951WM2,9.950897365
TEST4,SY2B5WOP996WM1,7.336091225
TEST4,SY2B5WOP999WM1,13.92387501
TEST4,SY2B5WOPJ53WM1,10.69000251
TEST4,SY2B5WOT571W,1.662004441
TEST4,SY2B5WPC847W,7.897948325
TEST4,SY2B5WPC847WM,11.27925715
TEST4,SY2B5WPCJ44W,3.34374595
TEST4,OB2B7WPC340W,17.47833242
TEST4,OB2B7WPC346W,6.493922919
TEST4,OB2B7WPC350W,15.31330539
TEST4,OB2B7WPC350WM1,11.38529829
TEST4,OB2B7WSC445W,2.017642782
TEST4,OB2B7WSC464W,6.665315699
TEST4,OB2B7WSC466N,13.07130732
TEST4,OB2B7WSC469W,4.837532614
TEST4,OB2B7WSC471W,12.51939314
TEST4,OB2B7WSC471WM1,8.346348307
TEST4,OB2B7WSC475W,15.32539752
TEST4,OB2B7WSH208W,2.99656505
TEST4,OB2B7WVT068W,1.127894073
TEST4,PL2B3TTO004W,5.95048623
TEST4,PL2B3WCT001W,3.91869617
TEST4,PL2B7KCD002W,1.525652679
TEST4,PL2B7TPC002W,10.45556211
TEST4,PL2B7WDR014W,3.759775571
TEST4,PL2B7WJM001W,1.706556191
TEST4,PL2B7WSC002W,15.95846361
TEST4,SH2B0KCD008M,2.266009192
TEST4,SH2B0NPC502MP1,4.329774294
TEST4,SH2B0WPC502MM2,16.51687296
TEST4,SH2B0WSH704MM,6.596280962
TEST4,SH2B1KCD007M,3.283550579
TEST4,SH2B1KCD012M,2.337325328
TEST4,SH2B1KVT029M,3.547038175
TEST4,SH2B1WCT402M,1.433488378
TEST4,SH2B1WCT402MM,1.440349833
TEST4,SH2B1WCT403M,1.716083906
TEST4,SH2B1WCT404M,3.726783812
TEST4,SH2B1WCT405M,1.440344225
TEST4,SH2B1WCT406M,3.475909899
TEST4,SH2B1WJC253MM,1.223605489
TEST4,SH2B1WOT312MM1,1.563113254
TEST4,SH2B1WPC553MM,17.98626183
TEST4,SH2B1WPC553MM1,21.02341273
TEST4,SH2B1WSH701MM1,4.824900795
TEST4,SH2B3KCD015M,1.724138348
TEST4,SH2B3KCD020M,3.146974277
TEST4,CM2B7WSC536W,10.47615101
TEST4,CM2B7WTO303W,5.928290376
TEST4,CM2B7WTO308W,3.050989521
TEST4,CM2B7WTO308WM1,1.403453759
TEST4,CM2B8KOP922W,13.48097999
TEST4,CM2B8KOT921W,1.955019815
TEST4,CN2B0RCT150W,2.878321541
TEST4,CN2B0ROT201W,4.062256723
TEST4,CN2B0ROT209W,3.362531338
TEST4,CN2B0WOT202W,4.448593028
TEST4,CN2B0WOT202WM,6.81392317
TEST4,CN2B0WOT206W,2.898735583
TEST4,CN2B0WOT209W,4.727027831
TEST4,CN2B1WSC708N,12.81309891
TEST4,CN2B3KSC056W,17.9873576
TEST4,CN2B4WDR412W,12.0366345
TEST4,CN2B5WSC728W,20.14231274
TEST4,CN2B5WSC730W,7.209184239
TEST4,MN2B3NSC943WM1,12.82097072
TEST4,MN2B3NSC943WM3,11.72014047
TEST4,MN2B3NSC943WP,2.884657572
TEST4,MN2B3WPC045WP,13.94590589
TEST4,MN2B3WSC947W,9.695467144
TEST4,MN2B4WOP670WM1,1.402782985
TEST4,MN2B4WPC065WP,3.597741348
TEST4,MN2B4WSC964WM,16.21548335
TEST4,MN2B4WSH864WM,2.562724787
TEST4,MN2B5KSC081W,2.062718391
TEST4,MN2B5TTO281W,5.91234487
TEST4,MN2B5WPC081WM1,3.180971178
TEST4,MN2B5WPC084W,1.802533303
TEST4,MN2B7KCD902W,1.429315644
TEST4,MN2B7KPC204W,2.982722837
TEST4,MN2B7KSC203W,17.8011752
TEST4,MN2B7KVT702W,3.56969318
TEST4,MN2B7WJC602W,1.794708039
TEST4,MN2B7WJC602WM,1.860385503
TEST4,MN2B7WOP801W,8.347849615
TEST4,MN2B7WPC302W,4.245801688
TEST4,MN2B7WPC303W,14.04701348
TEST4,MN2B7WTO506W,2.779232301
TEST4,MN2B7WTO509N,6.591718919
TEST4,MN2B7WTO510W,2.576568381
TEST4,MU2A7WCT082WJ9,3.342985969
TEST4,MU2A9NPC020MFE,15.73865599
TEST4,MU2B1NCT002W1N,4.478321053
TEST4,MU2B1NJC005W1N,1.599652923
TEST4,MU2B1NSC004W1N,9.369265299
TEST4,IL2B4WSH831WM,7.060197279
TEST4,IL2B4WSH831WP,1.912797152
TEST4,IL2B7WJC403W,1.275257916
TEST4,IL2B7WOT432W,2.88378868
TEST4,IL2B7WPC203W,14.59309693
TEST4,IL2B7WPC204W,13.61646036
TEST4,IL2B7WPC204WM,7.932934178
TEST4,IL2B7WSC154W,16.130947
TEST4,IL2B7WSH542W,8.531016976
TEST4,IL2B7WSH544W,5.218456626
TEST4,LC2B0NOT304W,4.36127918
TEST4,LC2B0QJCC03W,6.848880342
TEST4,LC2B0QOT802W,3.49320333
TEST4,LC2B0QOTC09W,1.217317718
TEST4,LC2B0QOTC09WM1,5.01812454
TEST4,LC2B0WCT402W,5.292214603
TEST4,LC2B0WOT707W,6.901584091
TEST4,LC2B1WCT422W,2.404030059
TEST4,LC2B1WPC438WM4,15.43066162
TEST4,LC2B3WOT750W,3.46653671
TEST4,LC2B4NSC365W,4.101670323
TEST4,LC2B4WOP164WM1,4.674459707
TEST4,LC2B4WOP169WM2,12.58510655
TEST4,LC2B4WPC463W,2.733457318
TEST4,LC2B4WPC470W,1.136890004
TEST4,LC2B4WTO969WM1,4.224783773
TEST4,LC2B5WSC585W,4.786406351
TEST4,LC2B5WSC587WM1,5.178594123
TEST4,LC2B5WSS581W,6.444141534
TEST4,LC2B7KCD108W,3.227554606
TEST4,LC2B7WBL105W,4.518595572
TEST4,LC2B7WJC401W,1.098021
TEST4,LC2B7WOP206W,9.445530539
TEST4,LC2B7WOP208W,3.387823857
TEST4,LC2B7WOP209W,2.931709993
TEST4,LC2B7WOP210W,7.534985973
TEST4,LC2B7WOT801W,1.867578554
TEST4,LC2B7WOT803W,1.738556864
TEST4,LC2B7WOT803WM1,1.610829546
TEST4,LC2B7WOT805W,1.520175151
TEST4,LC2B7WPC502W,1.356492384
TEST4,LC2B7WPC503W,6.457135569
TEST4,LC2B7WPC506W,5.78819414
TEST4,LC2B7WSC609W,17.51032462
TEST4,LC2B7WTO209W,3.058244397
TEST4,LV2B1KCD002W,1.734794139
TEST4,LV2B3WDR005W,4.640846596
TEST4,LV2B3WTO007W,6.720725079
TEST4,MM2B0WCT094M,2.787352403
TEST4,MM2B1KCD003M,1.20035935
TEST4,MM2B1KCD032H3A,3.35803901
TEST4,MM2B1WCT021H2A,3.802330661
TEST4,MM2B1WCT022H2A,4.747141452
TEST4,MM2B1WCT090MM,3.515444919
TEST4,MM2B1WCT091M,3.940729541
TEST4,MM2B1WCT093M,3.031080276
TEST4,MM2B1WCT096M,2.698100333
TEST4,MM2B1WCT097N,3.45812907
TEST4,MM2B1WOT035H3A,1.226337407
TEST4,MM2B1WPC504MP,9.646508309
TEST4,MM2B1WPC505MM,5.99472144
TEST4,MM2B1WPC506MM,19.81424141
TEST4,MM2B1WSH703MM,2.827765346
TEST4,MM2B3KCD005M,1.213434909
TEST4,MM2B3KCD020H5A,1.65288685
TEST4,MM2B3NPC026H5E,1.49905537
TEST4,MM2B3WOT038H5A,2.06488403
TEST4,MM2B3WOT304MM,1.245675121
TEST4,MM2B3WOT304MM1,2.599891663
TEST4,MM2B3WOT306M,1.219204162
TEST4,MM2B3WOT306MM,2.158084773
TEST4,MM2B3WOT306MP,1.408831476
TEST4,MM2B3WPC011H6H,9.72866072
TEST4,MM2B3WPC017H6E,23.25197898
TEST4,MM2B3WPC038H5A,4.280596308
TEST4,MM2B3WPC508MM,10.54220527
TEST4,MM2B3WPQ024H5A,10.20152339
TEST4,MM2B3WPQ036H5A,17.85100751
TEST4,MM2B3WPQ045H5E,14.03911363
TEST4,MM2B3WPQ060H5H,10.51556416
TEST4,MM2B3WPQ061H5H,9.728267722
TEST4,MM2B3WPQ061H6H,7.608207251
TEST4,MM2B3WPQ062H5H,17.10244249
TEST4,MM2B3WPQ064H6H,3.465488164
TEST4,MM2B4WJC200M,1.751241118
TEST4,MM2B7KCD001M,1.824390236
TEST4,MM2B7NPC023H8A,4.881561065
TEST4,MM2B7TTO035H7E,4.988844927
TEST4,MM2B7TTO600M,6.879804361
TEST4,MM2B7TTO600MM,1.223308361
TEST4,MM2B7TTO600MM1,6.049199438
TEST4,MM2B7WPC500M,11.82489767
TEST4,MM2B7WPC500MM,4.725508816
TEST4,MM2B7WPC502M,1.16368008
TEST4,MM2B7WSH701M,1.93198415
TEST4,MN2B0WCT201W,2.294021196
TEST4,MN2B0WOT503W,3.315259029
TEST4,MN2B3KSC043W,2.876808628
TEST4,MU2B3WSH150W6O,4.722495285
TEST4,MW2B0RCT200W,4.537885341
TEST4,MW2B0RCT201W,1.728406795
TEST4,MW2B0RCT201WM,5.580710925
TEST4,MW2B1WCG001E3A,3.201061077
TEST4,MW2B3KSC015E6A,8.610595666
TEST4,MW2B3WDR012E4A,7.636330124
TEST4,MW2B3WDR014E4A,10.91701611
TEST4,MW2B3WDR018E5A,3.93369466
TEST4,MW2B3WSC010E4A,12.66917909
TEST4,MW2B3WSC705W,16.43108568
TEST4,MW2B3WSH020E5A,8.532794217
TEST4,MW2B4WSC711W,11.17742197
TEST4,MW2B7KCD001EEE,3.781565312
TEST4,MW2B7KCD304W,1.679634818
TEST4,MW2B7NPC004E,15.75248767
TEST4,MW2B7NPC005E,6.403020522
TEST4,MW2B7NPC006E,16.49235149
TEST4,MW2B7TTO500W,7.890050658
TEST4,MW2B7WDR001E,1.271008925
TEST4,MW2B7WDR002E,2.206361983
TEST4,MW2B7WDR003E,5.635326648
TEST4,MW2B7WSC700W,15.21563625
TEST4,MW2B7WSH006E,1.37867661
TEST4,O22B0WCT601W,2.326253397
TEST4,O22B1WPC815W,8.04216485
TEST4,O22B4WPC832W,14.09333728
TEST4,O22B4WSC933W,19.00889975
TEST4,O22B5WOPW23W,1.98166021
TEST4,O22B5WPCW19W,3.67501114
TEST4,O22B5WSCW10W,8.973614454
TEST4,O22B5WSCW11W,8.286508491
TEST4,OB2B0QOT805W,3.387037657
TEST4,OB2B0ROT022W,5.815536572
TEST4,OB2B0WOT030W,3.601784353
TEST4,OB2B1WOT025W,5.445570779
TEST4,OB2B3WPC323WM3,2.499170065
TEST4,OB2B3WPS319WM1,9.9690271
TEST4,OB2B3WSC420W,6.26512787
TEST4,OB2B3WSC436W,12.86256129
TEST4,OB2B3WSC441W,8.023571905
TEST4,OB2B4WOP537W,5.126669005
TEST4,OB2B4WSC431W,12.68055756
TEST4,OB2B5WOP553W,10.37166379
TEST4,OB2B5WOP565W,6.802764875
TEST4,OB2B5WPC339WM1,6.074904349
TEST4,OB2B5WPC359W,15.71797349
TEST4,OB2B5WPC361W,13.1653383
TEST4,OB2B5WPC361WM1,8.936810396
TEST4,OB2B5WPC363W,10.46938079
TEST4,OB2B5WSC438W,13.30693297
TEST4,OB2B5WSC454W,4.735745254
TEST4,OB2B7KCD760W,2.263018167
TEST4,OB2B7LOT804W,1.241925089
TEST4,OB2B7NPC630W,12.62345655
TEST4,OB2B7WBL191W,4.83424809
TEST4,OB2B7WJC078W,1.144422802
TEST4,OB2B7WOP572W,12.759453
TEST4,OB2B7WOT063W,1.1538955
TEST4,OB2B7WOT070W,2.233823137
TEST4,OB2B7WOT074W,2.462533528
TEST4,OB2B7WOT083W,2.428725101
TEST4,OB2B7WOT089W,2.872797193
TEST4,O22B5WSH391W,6.275314529
TEST4,O22B5WVT781WM1,3.550427974
TEST4,O22B7NPC655W,5.684493106
TEST4,O22B7NSH653W,1.542270785
TEST4,O22B7TTO551W,1.260205376
TEST4,SY2B7KTO853W_KB,8.110304232
TEST4,TM2B8KTO422W_VA,2.527079051
TEST4,IL2B7KTO005WP_LP,3.465438665
TEST4,IL2B7KTO004W_BK,3.314101276
TEST4,TM2B8KTOS21W_BK,5.306663418
TEST4,LC2B7KTO107W_IV,2.67440037
TEST4,LC2B7KTO105W_CR,6.476028708
TEST4,LC2B7KTO103W_LE,7.459162983
TEST4,LC2B7KTO102W_BL,5.938564413
TEST4,TN2B4WSC724W,13.64195047
TEST4,TN2B4WSC725W,5.508968169
TEST4,TN2B4WSCT08W,12.11818333
TEST4,TN2B4WSCT09W,8.611120097
TEST4,TN2B5WDR436W,8.18139979
TEST4,TN2B5WDR438W,10.58268473
TEST4,TN2B5WPC827W,15.44052631
TEST4,TN2B5WPC830W,16.01455414
TEST4,TN2B5WSCG23N,6.519670163
TEST4,TN2B5WSHG20NM,4.132158379
TEST4,TN2B7WDRG01N,12.79396486
TEST4,TN2B7WDRG01NM,11.86733909
TEST4,TN2B7WDRG01NM1,9.225353399
TEST4,TN2B7WDRG01NM2,3.126597642
TEST4,TN2B7WDRG01NP,9.244045565
TEST4,YN2B0NOT201W,5.490816028
TEST4,YN2B0WCT150W,5.305457105
TEST4,YN2B1WOT213W,1.030837894
TEST4,YN2B3TTO612NM1,3.754119977
TEST4,YN2B3WSC727W,1.519539457
TEST4,YN2B5KCD934W,3.690496523
TEST4,YN2B5WDR425W,9.810532568
TEST4,YN2B7KVT918W,3.651076268
TEST4,YN2B7TSC751W,1.981268988
TEST4,YN2B7WPC804W,6.281469362
TEST4,YN2B7WPC817W,13.45969879
TEST4,YS2B1QJC001WSD,1.590408659
TEST4,YS2B1WDR018WFA,4.741587504
TEST4,YS2B1WSC006WOT,10.06958655
TEST4,YS2B1WSC007WOT,14.49869077
TEST4,SJ2B5WOP783WM1,10.4431054
TEST4,SJ2B5WOP784W,12.99560536
TEST4,SJ2B5WOP784WM,3.119598265
TEST4,SJ2B5WOP788W,2.214416333
TEST4,SY2B7WTO585W,3.784231681
TEST4,TG2B1QJM001WST,1.423837461
TEST4,TG2B1WCT006MDU,1.822038547
TEST4,TG2B1WJC043MAA,1.95605974
TEST4,TG2B1WOT002M29,2.433184899
TEST4,TG2B1WPC078M29,17.5732157
TEST4,TG2B3KTO027MAA,3.266185234
TEST4,TG2B3TPC011NDU,2.697087668
TEST4,TG2B3WPC043MAA,5.838794846
TEST4,TG2B3WPC045NHC,4.581794915
TEST4,TG2B7TDR003WC6,10.60871022
TEST4,TG2B7TTS046WGX,5.876254979
TEST4,TG2B7TTS047WGX,6.401851752
TEST4,TG2B7WSC006WB1,9.978680966
TEST4,TG2B7WSH024WJF,6.597466434
TEST4,TH2B0WPC522MP1,7.420697366
TEST4,TH2B1KVT017M,2.748187057
TEST4,TH2B1NPC670MP2,10.76003361
TEST4,TH2B1NPC670MP4,5.225756016
TEST4,TH2B1NPC673NP1,4.923015297
TEST4,TH2B1WCT400M,2.212848193
TEST4,TH2B1WCT400MP1,3.065770607
TEST4,TH2B1WCT404M,1.393990231
TEST4,TH2B1WCT404MM1,4.835881014
TEST4,TH2B3TPC593N,12.43677909
TEST4,TH2B3TRN628M,6.96144982
TEST4,TH2B3TRN628MM1,1.106764607
TEST4,TH2B3WCT403M,3.387854237
TEST4,TH2B3WCT403MM1,2.634240359
TEST4,TH2B3WJC051MP1,1.749747675
TEST4,TH2B3WJC206MM1,1.980910475
TEST4,TH2B3WJM304MP1,1.969432635
TEST4,TH2B3WJM304MP2,2.149088598
TEST4,TH2B3WPC525MM1,20.79254306
TEST4,TH2B3WPC527MM1,14.88429711
TEST4,TH2B3WPC527MM2,19.68333325
TEST4,TH2B3WPC528M,17.30286014
TEST4,TH2B3WPC651MP1,15.47187486
TEST4,TH2B4NPC678M,13.41560924
TEST4,TH2B4WJC053M,1.684771434
TEST4,TH2B4WJC054M,1.018901544
TEST4,TH2B4WJC055M,1.512721413
TEST4,TH2B4WJC056M,1.987359292
TEST4,TH2B4WJC057M,1.962834667
TEST4,TH2B4WJC210M,1.07825894
TEST4,TH2B4WJM317MM1,2.092637933
TEST4,TH2B4WOT314MM1,2.895184528
TEST4,TH2B4WOT314MP1,1.610552404
TEST4,TH2B4WPC581MP1,12.97587533
TEST4,TH2B4WPC653MP2,21.77415832
TEST4,TH2B4WPC656MM1,18.75680506
TEST4,TH2B4WSH712MP2,8.993528836
TEST4,TH2B4WSH723MP1,3.383791063
TEST4,TH2B1WCT406N,3.351546013
TEST4,TH2B1WJC202M,1.415227231
TEST4,TH2B1WJC202MM1,1.797308661
TEST4,TH2B1WJC208M,1.180505056
TEST4,TH2B1WJC208MM1,1.046095121
TEST4,TH2B1WJM302MP1,2.768463413
TEST4,TH2B1WOT313M,1.397145102
TEST4,TH2B1WOT320MP1,1.942219956
TEST4,TH2B1WPC523MP1,16.72033542
TEST4,TH2B1WPC652MP1,23.69330391
TEST4,TH2B3KCD026M,1.882082238
TEST4,TH2B3NJM316MM2,1.477552252
TEST4,TH2B3NPC673MP3,16.1467209
TEST4,TH2B3NPC677NP1,2.851357187
TEST4,TH2B3NPC683NP1,15.43353403
TEST4,SY2B5WSC742W,1.327180099
TEST4,SY2B5WSC743W,2.971208528
TEST4,SY2B5WSH071WM1,7.260092928
TEST4,SY2B5WSH073W,7.230759591
TEST4,SY2B5WSHJ01WM1,8.769285203
TEST4,SY2B7KCD803W,3.488266037
TEST4,SY2B7KDR952W,3.934128787
TEST4,SY2B7NPC304W,1.051272434
TEST4,SY2B7NPC305W,2.524974968
TEST4,SY2B7NSC503W,4.513674598
TEST4,SY2B7NVT081W,3.558702393
TEST4,SY2B7TTO701W,5.24477191
TEST4,SY2B7TTO702W,1.308521462
TEST4,SY2B7TTO702WM,1.185592298
TEST4,SY2B7TTO709W,6.671267251
TEST4,SY2B7WBL261W,6.519000914
TEST4,SY2B7WBL261WM,2.044492133
TEST4,SY2B7WBL263W,7.946872048
TEST4,SY2B7WBL263WM,6.284522612
TEST4,SY2B7WPC402W,10.97866862
TEST4,SY2B7WPC403W,9.882662492
TEST4,SY2B7WPC405W,10.46824172
TEST4,SY2B7WPC407W,6.494000911
TEST4,SY2B7WSC501W,2.658499979
TEST4,SY2B7WSC502W,20.84768207
TEST4,SY2B7WSC503W,21.23677633
TEST4,SY2B7WSS551W,18.16574312
TEST4,SY2B7WTO576W,4.918484108
TEST4,SY2B7WTO577W,7.406671557
TEST4,SY2B7WTO583W,8.847933916
TEST4,SY2B7WTO584W,8.560132772
TEST4,TM2B7KCD204WM1,2.412485299
TEST4,TM2B7KOP601W,9.521165245
TEST4,TM2B7KOP601WM1,1.105522482
TEST4,TM2B7KSC801W,13.26195548
TEST4,TM2B7KVT209W,1.76858099
TEST4,TM2B7NOT302W,1.732363532
TEST4,TM2B7NPC307W,7.265721696
TEST4,TM2B7NSC304W,17.56070372
TEST4,TM2B7WJC205W,1.115651665
TEST4,TM2B7WJCS01W,1.605733525
TEST4,TM2B7WOP202W,10.39361366
TEST4,TM2B7WOPS01W,1.929832149
TEST4,TM2B7WOT701W,1.4630592
TEST4,TM2B7WOT702W,1.949937926
TEST4,TM2B7WOT703W,1.045149176
TEST4,TM2B7WPCS02W,4.654498851
TEST4,TM2B7WSC506W,1.566365162
TEST4,TM2B8KCD222W,2.5897718
TEST4,TM2B8KCD222WM1,2.109564367
TEST4,TM2B8WJCS22W,1.98885283
TEST4,TM2B8WOT722W,1.550756435
TEST4,TN2B0WCT150W,3.796003212
TEST4,TN2B0WCT151W,2.239965081
TEST4,TN2B0WCT153W,2.572721338
TEST4,TN2B4KSCT02W,15.64974319
TEST4,TN2B4NOP425W,5.007588745
TEST4,TN2B4TDR429W,7.157813673
TEST4,TN2B4TSC733W,18.50332186
TEST4,TN2B4TSC733WP,1.581701035
TEST4,TN2B4WDR418W,11.87428415
TEST4,TN2B4WSC715W,16.67716633
TEST4,TH2B5KCD031M,2.018997079
TEST4,TH2B5NPC680M,9.661116002
TEST4,TH2B5NPC681M,7.080907841
TEST4,TH2B5NPC682N,16.50280804
TEST4,TH2B5NPC685M,11.25494161
TEST4,TH2B5TRN643N,6.483638764
TEST4,TH2B5TRN652N,4.962301864
TEST4,TH2B5TRN654MM1,7.664231855
TEST4,TH2B5TRN657M,2.865344228
TEST4,TH2B5TRN658N,4.914732803
TEST4,TH2B5TRN659N,5.353965082
TEST4,TH2B5TTN637MM1,1.773302522
TEST4,TH2B5TVN645MP1,1.315928804
TEST4,TH2B5WJC209M,1.159871698
TEST4,TH2B5WJC209MP1,1.333879713
TEST4,TH2B5WJM321M,2.44975433
TEST4,TH2B5WJM321MM1,1.732758689
TEST4,TH2B5WPC529M,5.61875181
TEST4,TH2B5WPC529MM1,7.586328593
TEST4,TH2B5WPC529MM2,5.525234558
TEST4,TH2B5WPC583M,13.24136497
TEST4,TH2B5WPC583MM1,13.17778772
TEST4,TH2B5WPC584M,10.91338187
TEST4,TH2B5WPC584MM1,14.73773731
TEST4,TH2B5WPC584MP2,12.48593972
TEST4,TH2B5WPC586M,14.25698274
TEST4,TH2B5WPC586MP1,2.826412158
TEST4,TH2B5WPC588M,11.9779643
TEST4,TH2B5WPC589M,11.19727387
TEST4,TH2B5WPC590M,6.802858225
TEST4,TH2B5WPC594M,14.75632322
TEST4,TH2B5WPC594MM1,10.27352881
TEST4,TH2B5WPC595N,12.98093656
TEST4,TH2B5WPC597N,19.80227247
TEST4,TH2B5WPC598N,22.08755367
TEST4,TH2B5WSH720N,9.255006965
TEST4,TH2B5WSH722MM1,6.600352673
TEST4,TH2B5WSH725M,3.804638803
TEST4,TH2B5WSH727M,1.93657479
TEST4,TH2B5WSH728M,8.843316093
TEST4,TH2B7NPC684M,12.3179424
TEST4,TH2B7NPC684MP1,17.57426614
TEST4,TH2B7TTN604MM1,5.532301643
TEST4,TH2B7TVT601M,1.879499027
TEST4,TH2B7WJC201M,1.097393649
TEST4,TH2B7WJM301M,2.580171774
TEST4,TH2B7WPC570M,6.256321835
TEST4,TH2B7WPC571M,15.39004691
TEST4,TH2B7WPC573M,15.27042132
TEST4,TH2B7WPC592M,17.95683523
TEST4,TH2B7WSH700M,6.567776491
TEST4,TH2B7WSH703M,3.862055305
TEST4,TH2B7WSH704M,2.805166069
TEST4,TH2B7WSH721M,9.193149056
TEST4,TH2B7WSH724M,8.939886499
TEST4,TH2B7WSH724MM1,8.280946989
TEST4,TH2B8KCD009M,3.111150771
TEST4,TH2B8WPC574M,13.40925901
TEST4,TH2B8WSH707M,3.66293094
TEST4,TM2B0WCT401W,4.172672944
TEST4,TM2B1WCT422WP1,3.276506002
TEST4,TM2B1WCT422WP5,1.894393429
TEST4,TM2B1WOT323WP2,4.30388072
TEST4,TM2B1WPC825WP5,2.138581592
TEST4,TM2B3WCT441WP1,3.035464579
TEST4,TM2B3WCT441WP2,2.033980182
TEST4,TM2B3WCT441WP3,2.556248121
TEST4,TM2B3WCT441WP4,2.546345437
TEST4,TM2B3WCT442W,1.904935684
TEST4,TM2B3WCT442WP1,4.468353405
TEST4,TM2B3WPCS42W,12.45316982
TEST4,TM2B3WPCS42WP4,6.224101895
TEST4,TM2B3WPCS42WP5,2.115317175
TEST4,TM2B3WSC645WP1,3.962471645
TEST4,TM2B4KSC464W,10.77578433
TEST4,TM2B4WSH562WP2,2.656584625
TEST4,TM2B4WSH562WP6,3.152714774
TEST4,TM2B5KOT183WM1,2.814831123
TEST4,TM2B5KSCB84W,6.194861811
TEST4,TM2B5KSCB84WM1,12.0377993
TEST4,TM2B5KSCB84WM2,2.803850288
TEST4,TM2B5KSCB84WP1,8.532537995
TEST4,TM2B5WOP981WP4,13.37922552
TEST4,TM2B5WOP982W,2.759779947
TEST4,TM2B5WOP982WP1,5.008015203
TEST4,TM2B5WOP982WP2,9.996959276
TEST4,TM2B5WOP987W,11.02291692
TEST4,TM2B5WOP991WP2,5.019195341
TEST4,TM2B5WOPS92WM3,9.439704948
TEST4,TM2B5WPC884W,12.91032353
TEST4,TM2B7KCD201W,3.061276246
TEST4,YS2B3NSC001WAC,18.3843593
TEST4,YS2B3NSC004WBS,11.61120543
TEST4,YS2B3NSC005W24,3.714294435
TEST4,YS2B3NSC006W24,11.53098471
TEST4,YS2B3TDR005W23,9.333538001
TEST4,YS2B3WDR011WSS,6.263710472
TEST4,YS2B3WDR018WDN,3.338406146
TEST4,YS2B3WPC012WAB,8.46258897
TEST4,YS2B3WSC011WRS,16.24931838
TEST4,YS2B7KCD006WTB,3.241801487
TEST4,YS2B7NJC006WTB,1.73274035
TEST4,YS2B7NJC007WBS,1.568929881
TEST4,YS2B7NPC401WFE,8.618181303
TEST4,YS2B7NPC509WFE,14.21325505
TEST4,YS2B7NPC702WFE,2.550777211
TEST4,YS2B7TPC011NPA,4.37617491
TEST4,YS2B7TTO058NPA,4.861232894
TEST4,YS2B7TTO059NPA,3.303014634
TEST4,YS2B7WJM005WTB,1.400125379
TEST4,YS2B9NPC035W4D,7.316305639
TEST4,YS2B9NPC647W4D,5.537744869
TEST4,YS2B9NPC648W4D,11.04014474
TEST4,YS2B9NPC649W4D,1.350081338
TEST4,YS2B9NPC651W4D,5.305311255
TEST4,YS2B9NPC710W4D,6.296823621
TEST4,SJ2B7KTO703W_BK,4.428875607
TEST4,SY2B7KTO854W_GK,5.13324518
TEST4,SJ2B7KTO702W_BK,2.511163691
TEST4,LC2B4KTO963WP1_RT,5.069246239
TEST4,LV2B3KTO001W_PK,6.387164883
TEST4,SJ2B7KTO705W_BD,5.181246616
TEST4,MU2B3KTO022MCL_GN,1.893577077
TEST4,PL2B7KTO007W_LA,4.463615951
TEST4,PL2B7KTO004W_NY,4.870706872
TEST4,SY2B5KTO664WM1_MN,2.27661851
TEST4,MN2B5KTO481WP_BK,8.32361224
TEST4,MN2B3KTO444WM1_CR,2.460832446
TEST4,OB2B7KTO770W_PK,2.981589097
TEST4,CM2B8KTO917W_RP,6.003948975
TEST4,CM2B7KTO343W_KG,9.929494036
